Tanggal,Open,High,Low,Close,Volume
2019-12-26,2390.0,2390.0,2390.0,2390.0,0
2019-12-27,2390.0,2390.0,2390.0,2390.0,0
2019-12-30,2800.0,2800.0,2800.0,2800.0,900
2020-01-02,2800.0,2800.0,2800.0,2800.0,0
2020-01-03,2810.0,2810.0,2810.0,2810.0,200
2020-01-06,2810.0,2810.0,2810.0,2810.0,0
2020-01-07,2400.0,2550.0,2400.0,2400.0,20500
2020-01-08,2400.0,2400.0,2400.0,2400.0,0
2020-01-09,2390.0,2390.0,2390.0,2390.0,100
2020-01-10,2380.0,2380.0,2380.0,2380.0,100
2020-01-13,2380.0,2380.0,2380.0,2380.0,0
2020-01-14,2380.0,2380.0,2380.0,2380.0,0
2020-01-15,2380.0,2380.0,2380.0,2380.0,0
2020-01-16,2380.0,2380.0,2380.0,2380.0,0
2020-01-17,2380.0,2380.0,2380.0,2380.0,0
2020-01-20,2380.0,2380.0,2380.0,2380.0,0
2020-01-21,2380.0,2380.0,2380.0,2380.0,0
2020-01-22,2380.0,2380.0,2380.0,2380.0,0
2020-01-23,2380.0,2380.0,2380.0,2380.0,0
2020-01-24,2380.0,2380.0,2380.0,2380.0,0
2020-01-27,2380.0,2380.0,2380.0,2380.0,0
2020-01-28,2380.0,2380.0,2380.0,2380.0,0
2020-01-29,2340.0,2340.0,2340.0,2340.0,100
2020-01-30,2340.0,2340.0,2340.0,2340.0,0
2020-01-31,2340.0,2340.0,2340.0,2340.0,0
2020-02-03,2340.0,2340.0,2340.0,2340.0,0
2020-02-04,2340.0,2340.0,2340.0,2340.0,0
2020-02-05,2340.0,2340.0,2340.0,2340.0,0
2020-02-06,2340.0,2340.0,2340.0,2340.0,0
2020-02-07,2340.0,2340.0,2340.0,2340.0,0
2020-02-10,2340.0,2340.0,2340.0,2340.0,0
2020-02-11,2340.0,2340.0,2340.0,2340.0,0
2020-02-12,2340.0,2340.0,2340.0,2340.0,0
2020-02-13,2340.0,2340.0,2340.0,2340.0,0
2020-02-14,2340.0,2340.0,2340.0,2340.0,0
2020-02-17,2340.0,2340.0,2340.0,2340.0,0
2020-02-18,2340.0,2340.0,2340.0,2340.0,0
2020-02-19,2340.0,2340.0,2340.0,2340.0,0
2020-02-20,2340.0,2340.0,2340.0,2340.0,0
2020-02-21,2340.0,2340.0,2340.0,2340.0,0
2020-02-24,2340.0,2340.0,2340.0,2340.0,0
2020-02-25,2340.0,2340.0,2340.0,2340.0,0
2020-02-26,2340.0,2340.0,2340.0,2340.0,0
2020-02-27,2340.0,2340.0,2340.0,2340.0,0
2020-02-28,1755.0,1755.0,1755.0,1755.0,100
2020-03-02,1755.0,1755.0,1755.0,1755.0,0
2020-03-03,1755.0,1755.0,1755.0,1755.0,600
2020-03-04,1755.0,2180.0,1755.0,2180.0,1600
2020-03-05,2180.0,2690.0,2180.0,2690.0,200
2020-03-06,2690.0,2690.0,2690.0,2690.0,0
2020-03-09,2690.0,2690.0,2690.0,2690.0,0
2020-03-10,2430.0,2430.0,2430.0,2430.0,5000
2020-03-11,2190.0,2190.0,2190.0,2190.0,5000
2020-03-12,2000.0,2000.0,2000.0,2000.0,100
2020-03-13,1860.0,1860.0,1860.0,1860.0,100
2020-03-16,1850.0,1850.0,1850.0,1850.0,200
2020-03-17,1780.0,1780.0,1780.0,1780.0,4900
2020-03-18,1780.0,1780.0,1780.0,1780.0,0
2020-03-19,1730.0,1730.0,1730.0,1730.0,5000
2020-03-20,1730.0,1730.0,1730.0,1730.0,0
2020-03-23,1610.0,1610.0,1610.0,1610.0,200
2020-03-24,1500.0,1500.0,1500.0,1500.0,1100
2020-03-26,1395.0,1395.0,1395.0,1395.0,1500
2020-03-27,1380.0,1380.0,1380.0,1380.0,2900
2020-03-30,1330.0,1330.0,1330.0,1330.0,200
2020-03-31,1250.0,1320.0,1250.0,1320.0,300
2020-04-01,1250.0,1250.0,1230.0,1230.0,4600
2020-04-02,1210.0,1210.0,1150.0,1210.0,3400
2020-04-03,1200.0,1200.0,1130.0,1200.0,2300
2020-04-06,1140.0,1180.0,1140.0,1180.0,3200
2020-04-07,1180.0,1180.0,1170.0,1170.0,4000
2020-04-08,1120.0,1160.0,1110.0,1160.0,3400
2020-04-09,1160.0,1160.0,1150.0,1150.0,4300
2020-04-13,1140.0,1140.0,1100.0,1140.0,800
2020-04-14,1100.0,1140.0,1065.0,1140.0,15600
2020-04-15,1140.0,1140.0,1140.0,1140.0,2500
2020-04-16,1140.0,1140.0,1140.0,1140.0,2000
2020-04-17,1140.0,1140.0,1130.0,1130.0,50600
2020-04-20,1130.0,1155.0,1080.0,1100.0,1520900
2020-04-21,1100.0,1100.0,1085.0,1095.0,1868100
2020-04-22,1100.0,1100.0,1050.0,1100.0,2700700
2020-04-23,1100.0,1105.0,1070.0,1100.0,2824000
2020-04-24,1100.0,1100.0,1070.0,1095.0,2732300
2020-04-27,1085.0,1105.0,1070.0,1100.0,2759500
2020-04-28,1105.0,1105.0,1080.0,1100.0,2579900
2020-04-29,1100.0,1100.0,1075.0,1090.0,2505400
2020-04-30,1090.0,1090.0,1060.0,1070.0,2983600
2020-05-04,1075.0,1080.0,1055.0,1080.0,2154000
2020-05-05,1075.0,1090.0,1075.0,1090.0,3076200
2020-05-06,1090.0,1115.0,1080.0,1095.0,3728600
2020-05-08,1095.0,1105.0,1080.0,1095.0,3858000
2020-05-11,1100.0,1115.0,1085.0,1105.0,2748500
2020-05-12,1110.0,1140.0,1095.0,1100.0,3480700
2020-05-13,1100.0,1105.0,1085.0,1100.0,3232600
2020-05-14,1095.0,1100.0,1090.0,1095.0,2997300
2020-05-15,1095.0,1100.0,1090.0,1095.0,3482700
2020-05-18,1095.0,1105.0,1085.0,1095.0,4538900
2020-05-19,1095.0,1110.0,1085.0,1095.0,2464000
2020-05-20,1095.0,1095.0,1090.0,1095.0,819600
2020-05-26,1095.0,1100.0,1095.0,1095.0,223300
2020-05-27,1095.0,1100.0,1090.0,1090.0,1330600
2020-05-28,1095.0,1095.0,1090.0,1095.0,55000
2020-05-29,1095.0,1100.0,1075.0,1100.0,21000
2020-06-02,1100.0,1100.0,1100.0,1100.0,2500
2020-06-03,1100.0,1105.0,1100.0,1105.0,669000
2020-06-04,1105.0,1105.0,1095.0,1095.0,1151100
2020-06-05,1095.0,1095.0,1090.0,1095.0,1069900
2020-06-08,1095.0,1100.0,1085.0,1095.0,966700
2020-06-09,1095.0,1100.0,1085.0,1095.0,676500
2020-06-10,1095.0,1095.0,1080.0,1090.0,944000
2020-06-11,1090.0,1095.0,1075.0,1090.0,900000
2020-06-12,1090.0,1125.0,1090.0,1100.0,2603700
2020-06-15,1130.0,1225.0,1110.0,1110.0,23000
2020-06-16,1135.0,1190.0,1135.0,1165.0,11300
2020-06-17,1160.0,1160.0,1110.0,1110.0,4300
2020-06-18,1160.0,1165.0,1130.0,1130.0,14800
2020-06-19,1185.0,1185.0,1185.0,1185.0,100
2020-06-22,1190.0,1190.0,1190.0,1190.0,500
2020-06-23,1190.0,1235.0,1190.0,1220.0,7700
2020-06-24,1220.0,1380.0,1205.0,1215.0,8000
2020-06-25,1160.0,1160.0,1130.0,1135.0,43700
2020-06-26,1100.0,1200.0,1100.0,1200.0,11600
2020-06-29,1150.0,1275.0,1150.0,1275.0,3800
2020-06-30,1260.0,1260.0,1230.0,1260.0,8000
2020-07-01,1260.0,1320.0,1260.0,1310.0,4200
2020-07-02,1320.0,1400.0,1320.0,1400.0,6900
2020-07-03,1410.0,1495.0,1410.0,1475.0,9800
2020-07-06,1495.0,1600.0,1495.0,1570.0,10100
2020-07-07,1570.0,1600.0,1545.0,1590.0,3600
2020-07-08,1595.0,1650.0,1570.0,1605.0,2000
2020-07-09,1605.0,1650.0,1495.0,1495.0,3900
2020-07-10,1495.0,1495.0,1395.0,1470.0,4800
2020-07-13,1500.0,1540.0,1500.0,1540.0,2000
2020-07-14,1535.0,1535.0,1535.0,1535.0,200
2020-07-15,1535.0,1535.0,1430.0,1440.0,6400
2020-07-16,1390.0,1400.0,1360.0,1360.0,2800
2020-07-17,1400.0,1460.0,1380.0,1380.0,7400
2020-07-20,1420.0,1460.0,1420.0,1430.0,5600
2020-07-21,1430.0,1430.0,1430.0,1430.0,0
2020-07-22,1365.0,1410.0,1360.0,1410.0,2200
2020-07-23,1500.0,1500.0,1450.0,1450.0,1100
2020-07-24,1350.0,1350.0,1350.0,1350.0,100
2020-07-27,1350.0,1460.0,1350.0,1460.0,7600
2020-07-28,1460.0,1460.0,1460.0,1460.0,0
2020-07-29,1460.0,1460.0,1460.0,1460.0,0
2020-07-30,1460.0,1460.0,1455.0,1455.0,700
2020-08-03,1525.0,1530.0,1465.0,1500.0,3700
2020-08-04,1500.0,1500.0,1500.0,1500.0,0
2020-08-05,1500.0,1500.0,1500.0,1500.0,0
2020-08-06,1500.0,1500.0,1500.0,1500.0,0
2020-08-07,1465.0,1550.0,1400.0,1400.0,4800
2020-08-10,1400.0,1400.0,1400.0,1400.0,600
2020-08-11,1400.0,1400.0,1400.0,1400.0,200
2020-08-12,1400.0,1400.0,1400.0,1400.0,100
2020-08-13,1395.0,1550.0,1350.0,1500.0,15900
2020-08-14,1500.0,1600.0,1500.0,1580.0,12200
2020-08-18,1580.0,1600.0,1580.0,1600.0,400
2020-08-19,1500.0,1500.0,1500.0,1500.0,200
2020-08-24,1480.0,1585.0,1400.0,1550.0,7900
2020-08-25,1550.0,1690.0,1450.0,1690.0,15900
2020-08-26,1690.0,1690.0,1660.0,1670.0,11500
2020-08-27,1660.0,1660.0,1660.0,1660.0,100
2020-08-28,1635.0,1635.0,1635.0,1635.0,100
2020-08-31,1635.0,1635.0,1635.0,1635.0,0
2020-09-01,1635.0,1635.0,1635.0,1635.0,0
2020-09-02,1635.0,1635.0,1635.0,1635.0,0
2020-09-03,1600.0,1600.0,1580.0,1580.0,1300
2020-09-04,1570.0,1570.0,1570.0,1570.0,1000
2020-09-07,1550.0,1550.0,1495.0,1495.0,1300
2020-09-08,1480.0,1480.0,1475.0,1475.0,700
2020-09-09,1470.0,1470.0,1470.0,1470.0,100
2020-09-10,1470.0,1470.0,1470.0,1470.0,200
2020-09-11,1470.0,1470.0,1470.0,1470.0,0
2020-09-14,1470.0,1470.0,1470.0,1470.0,0
2020-09-15,1400.0,1405.0,1395.0,1405.0,6400
2020-09-16,1400.0,1455.0,1400.0,1455.0,2900
2020-09-17,1455.0,1455.0,1455.0,1455.0,0
2020-09-18,1460.0,1460.0,1390.0,1390.0,400
2020-09-21,1390.0,1390.0,1390.0,1390.0,0
2020-09-22,1500.0,1500.0,1485.0,1485.0,400
2020-09-23,1485.0,1485.0,1485.0,1485.0,0
2020-09-24,1485.0,1485.0,1485.0,1485.0,0
2020-09-25,1470.0,1485.0,1470.0,1485.0,500
2020-09-28,1485.0,1485.0,1485.0,1485.0,0
2020-09-29,1485.0,1485.0,1485.0,1485.0,0
2020-09-30,1485.0,1600.0,1485.0,1600.0,22600
2020-10-01,1600.0,1600.0,1590.0,1590.0,300
2020-10-02,1590.0,1590.0,1590.0,1590.0,0
2020-10-05,1590.0,1590.0,1590.0,1590.0,0
2020-10-06,1590.0,1590.0,1590.0,1590.0,0
2020-10-07,1575.0,1575.0,1575.0,1575.0,200
2020-10-08,1575.0,1575.0,1575.0,1575.0,0
2020-10-09,1575.0,1575.0,1575.0,1575.0,0
2020-10-12,1555.0,1580.0,1545.0,1575.0,79300
2020-10-13,1575.0,1575.0,1575.0,1575.0,0
2020-10-14,1575.0,1575.0,1575.0,1575.0,0
2020-10-15,1570.0,1570.0,1570.0,1570.0,100
2020-10-16,1570.0,1570.0,1570.0,1570.0,0
2020-10-19,1570.0,1570.0,1570.0,1570.0,0
2020-10-20,1570.0,1570.0,1570.0,1570.0,0
2020-10-21,1570.0,1570.0,1570.0,1570.0,0
2020-10-22,1570.0,1570.0,1570.0,1570.0,0
2020-10-23,1590.0,1590.0,1590.0,1590.0,100
2020-10-26,1590.0,1590.0,1590.0,1590.0,0
2020-10-27,1585.0,1585.0,1585.0,1585.0,200
2020-11-02,1585.0,1585.0,1585.0,1585.0,0
2020-11-03,1585.0,1585.0,1585.0,1585.0,0
2020-11-04,1585.0,1585.0,1585.0,1585.0,0
2020-11-05,1585.0,1585.0,1585.0,1585.0,0
2020-11-06,1585.0,1585.0,1585.0,1585.0,0
2020-11-09,1585.0,1585.0,1585.0,1585.0,0
2020-11-10,1585.0,1585.0,1585.0,1585.0,0
2020-11-11,1585.0,1585.0,1585.0,1585.0,0
2020-11-12,1585.0,1585.0,1585.0,1585.0,0
2020-11-13,1580.0,1580.0,1580.0,1580.0,200
2020-11-16,1580.0,1580.0,1580.0,1580.0,0
2020-11-17,1580.0,1580.0,1580.0,1580.0,0
2020-11-18,1580.0,1580.0,1580.0,1580.0,0
2020-11-19,1580.0,1580.0,1580.0,1580.0,0
2020-11-20,1580.0,1580.0,1580.0,1580.0,0
2020-11-23,1580.0,1580.0,1580.0,1580.0,500
2020-11-24,1580.0,1580.0,1560.0,1560.0,2300
2020-11-25,1560.0,1560.0,1560.0,1560.0,100
2020-11-26,1560.0,1560.0,1560.0,1560.0,900
2020-11-27,1560.0,1560.0,1560.0,1560.0,0
2020-11-30,1560.0,1560.0,1560.0,1560.0,0
2020-12-01,1555.0,1555.0,1550.0,1550.0,400
2020-12-02,1550.0,1550.0,1550.0,1550.0,100
2020-12-03,1535.0,1535.0,1535.0,1535.0,300
2020-12-04,1535.0,1535.0,1525.0,1525.0,2700
2020-12-07,1520.0,1520.0,1515.0,1515.0,700
2020-12-08,1510.0,1510.0,1480.0,1480.0,3500
2020-12-10,1480.0,1480.0,1480.0,1480.0,3600
2020-12-11,1480.0,1480.0,1480.0,1480.0,9000
2020-12-14,1480.0,1500.0,1480.0,1480.0,1000
2020-12-15,1485.0,1600.0,1480.0,1600.0,8600
2020-12-16,1580.0,1580.0,1500.0,1500.0,4300
2020-12-17,1500.0,1510.0,1450.0,1450.0,82500
2020-12-18,1450.0,1450.0,1425.0,1450.0,400
2020-12-21,1405.0,1415.0,1395.0,1400.0,29400
2020-12-22,1405.0,1410.0,1400.0,1405.0,6200
2020-12-23,1405.0,1405.0,1405.0,1405.0,400
2020-12-28,1405.0,1405.0,1405.0,1405.0,3300
2020-12-29,1405.0,1405.0,1405.0,1405.0,2500
2020-12-30,1485.0,1500.0,1485.0,1500.0,1700
2021-01-04,1490.0,1490.0,1490.0,1490.0,700
2021-01-05,1490.0,1490.0,1490.0,1490.0,0
2021-01-06,1405.0,1445.0,1395.0,1445.0,8200
2021-01-07,1445.0,1450.0,1445.0,1450.0,2300
2021-01-08,1450.0,1450.0,1450.0,1450.0,100
2021-01-11,1445.0,1445.0,1380.0,1425.0,16700
2021-01-12,1425.0,1450.0,1420.0,1450.0,2700
2021-01-13,1450.0,1450.0,1400.0,1450.0,1000
2021-01-14,1450.0,1450.0,1450.0,1450.0,0
2021-01-15,1450.0,1450.0,1450.0,1450.0,600
2021-01-18,1450.0,1480.0,1380.0,1440.0,8700
2021-01-19,1400.0,1440.0,1400.0,1440.0,2700
2021-01-20,1400.0,1400.0,1400.0,1400.0,500
2021-01-21,1400.0,1400.0,1400.0,1400.0,0
2021-01-22,1400.0,1400.0,1400.0,1400.0,900
2021-01-25,1400.0,1400.0,1400.0,1400.0,1200
2021-01-26,1400.0,1400.0,1400.0,1400.0,0
2021-01-27,1410.0,1480.0,1410.0,1460.0,5100
2021-01-28,1460.0,1460.0,1440.0,1440.0,1300
2021-01-29,1440.0,1440.0,1440.0,1440.0,0
2021-02-01,1440.0,1440.0,1440.0,1440.0,0
2021-02-02,1400.0,1400.0,1400.0,1400.0,5000
2021-02-03,1400.0,1400.0,1400.0,1400.0,100
2021-02-04,1400.0,1470.0,1400.0,1470.0,2200
2021-02-05,1470.0,1470.0,1470.0,1470.0,0
2021-02-08,1470.0,1470.0,1440.0,1440.0,4400
2021-02-09,1440.0,1440.0,1425.0,1425.0,1700
2021-02-10,1425.0,1480.0,1425.0,1480.0,400
2021-02-11,1480.0,1480.0,1480.0,1480.0,100
2021-02-15,1470.0,1470.0,1470.0,1470.0,1700
2021-02-16,1465.0,1465.0,1465.0,1465.0,1300
2021-02-17,1465.0,1465.0,1385.0,1465.0,20500
2021-02-18,1445.0,1445.0,1445.0,1445.0,1400
2021-02-19,1380.0,1385.0,1380.0,1385.0,1200
2021-02-22,1395.0,1455.0,1395.0,1455.0,1100
2021-02-23,1455.0,1470.0,1445.0,1445.0,8900
2021-02-24,1415.0,1415.0,1400.0,1400.0,1400
2021-02-25,1405.0,1420.0,1400.0,1420.0,5200
2021-02-26,1470.0,1470.0,1430.0,1430.0,4100
2021-03-01,1430.0,1430.0,1410.0,1410.0,600
2021-03-02,1475.0,1490.0,1460.0,1465.0,59500
2021-03-03,1480.0,1585.0,1395.0,1500.0,388000
2021-03-04,1500.0,1570.0,1410.0,1420.0,374900
2021-03-05,1420.0,1650.0,1410.0,1475.0,368700
2021-03-08,1470.0,1470.0,1415.0,1460.0,79700
2021-03-09,1425.0,1445.0,1410.0,1415.0,30400
2021-03-10,1415.0,1440.0,1415.0,1415.0,42500
2021-03-12,1415.0,1420.0,1410.0,1415.0,26300
2021-03-15,1415.0,1415.0,1400.0,1400.0,16800
2021-03-16,1410.0,1410.0,1400.0,1400.0,8800
2021-03-17,1400.0,1405.0,1395.0,1400.0,37900
2021-03-18,1400.0,1415.0,1395.0,1395.0,18200
2021-03-19,1405.0,1405.0,1390.0,1405.0,13700
2021-03-22,1405.0,1425.0,1380.0,1425.0,43300
2021-03-23,1405.0,1425.0,1385.0,1425.0,12200
2021-03-24,1400.0,1400.0,1370.0,1370.0,105200
2021-03-25,1370.0,1385.0,1365.0,1385.0,7700
2021-03-26,1380.0,1380.0,1380.0,1380.0,1900
2021-03-29,1380.0,1380.0,1370.0,1380.0,3200
2021-03-30,1380.0,1380.0,1380.0,1380.0,5300
2021-03-31,1375.0,1375.0,1350.0,1350.0,5900
2021-04-01,1390.0,1390.0,1350.0,1350.0,10900
2021-04-05,1350.0,1360.0,1330.0,1360.0,593700
2021-04-06,1350.0,1370.0,1330.0,1365.0,5100
2021-04-07,1365.0,1365.0,1340.0,1360.0,2200
2021-04-08,1360.0,1385.0,1340.0,1385.0,7000
2021-04-09,1380.0,1380.0,1380.0,1380.0,100
2021-04-12,1360.0,1380.0,1305.0,1380.0,28900
2021-04-13,1370.0,1380.0,1340.0,1370.0,29600
2021-04-14,1370.0,1370.0,1370.0,1370.0,10700
2021-04-15,1340.0,1370.0,1340.0,1370.0,1300
2021-04-16,1370.0,1370.0,1370.0,1370.0,400
2021-04-19,1330.0,1370.0,1330.0,1370.0,900
2021-04-20,1370.0,1370.0,1370.0,1370.0,200
2021-04-21,1360.0,1370.0,1330.0,1370.0,5900
2021-04-22,1330.0,1370.0,1330.0,1370.0,1300
2021-04-23,1330.0,1330.0,1330.0,1330.0,100
2021-04-26,1330.0,1400.0,1330.0,1385.0,8100
2021-04-27,1395.0,1450.0,1335.0,1390.0,34600
2021-04-28,1390.0,1390.0,1390.0,1390.0,1000
2021-04-29,1390.0,1390.0,1330.0,1385.0,6300
2021-04-30,1340.0,1380.0,1335.0,1380.0,5200
2021-05-03,1360.0,1375.0,1355.0,1375.0,900
2021-05-04,1350.0,1380.0,1345.0,1380.0,4900
2021-05-05,1335.0,1335.0,1335.0,1335.0,1000
2021-05-06,1335.0,1360.0,1335.0,1360.0,15100
2021-05-07,1330.0,1330.0,1330.0,1330.0,900
2021-05-10,1330.0,1380.0,1330.0,1350.0,16200
2021-05-11,1340.0,1370.0,1335.0,1370.0,900
2021-05-17,1370.0,1370.0,1370.0,1370.0,100
2021-05-18,1370.0,1370.0,1370.0,1370.0,0
2021-05-19,1370.0,1370.0,1370.0,1370.0,0
2021-05-20,1370.0,1370.0,1370.0,1370.0,200
2021-05-21,1370.0,1370.0,1370.0,1370.0,0
2021-05-24,1375.0,1375.0,1375.0,1375.0,1100
2021-05-25,1375.0,1375.0,1375.0,1375.0,400
2021-05-27,1375.0,1375.0,1375.0,1375.0,0
2021-05-28,1375.0,1375.0,1375.0,1375.0,0
2021-05-31,1375.0,1375.0,1375.0,1375.0,100
2021-06-02,1375.0,1375.0,1350.0,1355.0,2100
2021-06-03,1355.0,1380.0,1355.0,1370.0,8500
2021-06-04,1370.0,1385.0,1370.0,1380.0,7600
2021-06-07,1380.0,1380.0,1375.0,1380.0,3200
2021-06-08,1385.0,1450.0,1385.0,1400.0,92600
2021-06-09,1415.0,1450.0,1415.0,1450.0,18500
2021-06-10,1450.0,1470.0,1450.0,1455.0,38600
2021-06-11,1455.0,1475.0,1455.0,1475.0,41400
2021-06-14,1445.0,1450.0,1400.0,1420.0,12100
2021-06-15,1445.0,1445.0,1415.0,1420.0,30700
2021-06-16,1445.0,1445.0,1425.0,1425.0,4300
2021-06-17,1425.0,1425.0,1405.0,1410.0,7600
2021-06-18,1410.0,1415.0,1410.0,1415.0,9400
2021-06-21,1415.0,1430.0,1415.0,1430.0,4500
2021-06-22,1430.0,1430.0,1420.0,1430.0,8100
2021-06-23,1420.0,1445.0,1415.0,1445.0,1600
2021-06-24,1435.0,1445.0,1435.0,1445.0,3000
2021-06-25,1445.0,1470.0,1445.0,1455.0,17800
2021-06-28,1465.0,1475.0,1460.0,1475.0,89200
2021-06-29,1490.0,1550.0,1465.0,1465.0,19800
2021-06-30,1465.0,1480.0,1460.0,1480.0,2600
2021-07-01,1480.0,1500.0,1480.0,1500.0,3400
2021-07-02,1500.0,1500.0,1470.0,1495.0,15600
2021-07-05,1495.0,1530.0,1495.0,1525.0,4800
2021-07-06,1500.0,1500.0,1500.0,1500.0,8000
2021-07-07,1500.0,1500.0,1500.0,1500.0,4400
2021-07-08,1500.0,1565.0,1470.0,1550.0,50300
2021-07-09,1550.0,1550.0,1500.0,1550.0,186700
2021-07-12,1550.0,1580.0,1500.0,1570.0,69900
2021-07-13,1570.0,1570.0,1495.0,1560.0,31400
2021-07-14,1505.0,1525.0,1460.0,1460.0,26200
2021-07-15,1460.0,1465.0,1455.0,1455.0,7900
2021-07-16,1470.0,1495.0,1470.0,1495.0,500
2021-07-19,1500.0,1500.0,1495.0,1500.0,11200
2021-07-21,1495.0,1495.0,1495.0,1495.0,900
2021-07-22,1490.0,1495.0,1490.0,1495.0,1500
2021-07-23,1495.0,1495.0,1495.0,1495.0,400
2021-07-26,1470.0,1495.0,1470.0,1495.0,2800
2021-07-27,1505.0,1505.0,1500.0,1500.0,200
2021-07-28,1475.0,1555.0,1470.0,1525.0,23700
2021-07-29,1520.0,1550.0,1520.0,1550.0,5000
2021-07-30,1550.0,1550.0,1520.0,1520.0,9000
2021-08-02,1500.0,1525.0,1500.0,1525.0,4300
2021-08-03,1525.0,1550.0,1505.0,1550.0,53500
2021-08-04,1550.0,1575.0,1505.0,1575.0,32400
2021-08-05,1575.0,1575.0,1570.0,1575.0,28100
2021-08-06,1575.0,1580.0,1500.0,1575.0,64700
2021-08-09,1575.0,1575.0,1565.0,1565.0,24200
2021-08-10,1555.0,1560.0,1550.0,1550.0,31800
2021-08-12,1545.0,1580.0,1540.0,1580.0,71600
2021-08-13,1575.0,1575.0,1565.0,1565.0,15600
2021-08-16,1570.0,1580.0,1565.0,1580.0,22200
2021-08-18,1575.0,1590.0,1575.0,1590.0,13600
2021-08-19,1585.0,1590.0,1580.0,1585.0,14500
2021-08-20,1585.0,1650.0,1585.0,1635.0,111200
2021-08-23,1620.0,1740.0,1600.0,1705.0,119300
2021-08-24,1750.0,1750.0,1715.0,1720.0,62000
2021-08-25,1705.0,1745.0,1705.0,1720.0,18800
2021-08-26,1745.0,1770.0,1725.0,1770.0,32500
2021-08-27,1825.0,1980.0,1800.0,1980.0,92600
2021-08-30,1980.0,2050.0,1920.0,1945.0,81900
2021-08-31,1915.0,2000.0,1870.0,1900.0,87300
2021-09-01,1895.0,2000.0,1895.0,1925.0,25900
2021-09-02,1925.0,1975.0,1825.0,1975.0,53100
2021-09-03,1970.0,1970.0,1945.0,1945.0,24000
2021-09-06,1945.0,1945.0,1890.0,1890.0,45800
2021-09-07,1860.0,1890.0,1830.0,1835.0,65500
2021-09-08,1835.0,1835.0,1770.0,1810.0,65900
2021-09-09,1795.0,1835.0,1780.0,1795.0,29200
2021-09-10,1800.0,1880.0,1800.0,1880.0,42300
2021-09-13,1880.0,1880.0,1805.0,1855.0,16900
2021-09-14,1850.0,1860.0,1820.0,1860.0,17500
2021-09-15,1890.0,1890.0,1810.0,1860.0,10000
2021-09-16,1860.0,1930.0,1860.0,1920.0,33300
2021-09-17,1920.0,1920.0,1900.0,1900.0,17300
2021-09-20,1895.0,1950.0,1895.0,1900.0,34700
2021-09-21,1900.0,1900.0,1840.0,1860.0,17300
2021-09-22,1860.0,1930.0,1825.0,1870.0,31100
2021-09-23,1870.0,1930.0,1820.0,1910.0,9100
2021-09-24,1920.0,2010.0,1910.0,1930.0,111600
2021-09-27,1930.0,1930.0,1900.0,1900.0,10500
2021-09-28,1900.0,1900.0,1900.0,1900.0,4000
2021-09-29,1940.0,1960.0,1940.0,1960.0,14900
2021-09-30,1960.0,1960.0,1900.0,1945.0,12100
2021-10-01,1945.0,1945.0,1945.0,1945.0,400
2021-10-04,1945.0,1990.0,1930.0,1990.0,3500
2021-10-05,1990.0,1990.0,1980.0,1980.0,900
2021-10-06,1980.0,2000.0,1980.0,2000.0,8700
2021-10-07,2000.0,2000.0,2000.0,2000.0,400
2021-10-08,2000.0,2100.0,2000.0,2100.0,32400
2021-10-11,2100.0,2300.0,2000.0,2270.0,48000
2021-10-12,2270.0,2270.0,2180.0,2270.0,7100
2021-10-13,2210.0,2270.0,2150.0,2230.0,18600
2021-10-14,2230.0,2230.0,2150.0,2220.0,2000
2021-10-15,2190.0,2190.0,2150.0,2190.0,900
2021-10-18,2170.0,2190.0,2050.0,2140.0,29800
2021-10-19,2140.0,2140.0,2050.0,2120.0,4900
2021-10-21,2250.0,2250.0,2040.0,2050.0,150900
2021-10-22,2050.0,2090.0,2000.0,2060.0,10000
2021-10-25,2060.0,2060.0,2060.0,2060.0,0
2021-10-26,2060.0,2160.0,2060.0,2070.0,7600
2021-10-27,2070.0,2070.0,2040.0,2040.0,1100
2021-10-28,2000.0,2000.0,1980.0,1980.0,8200
2021-10-29,2080.0,2080.0,2020.0,2020.0,1500
2021-11-01,2020.0,2020.0,2020.0,2020.0,0
2021-11-02,2100.0,2150.0,2100.0,2150.0,4300
2021-11-03,2150.0,2150.0,2150.0,2150.0,600
2021-11-04,2050.0,2230.0,2050.0,2150.0,9900
2021-11-05,2130.0,2140.0,2010.0,2130.0,6600
2021-11-08,2150.0,2200.0,2130.0,2200.0,16800
2021-11-09,2200.0,2200.0,2200.0,2200.0,0
2021-11-10,2080.0,2150.0,2070.0,2070.0,400
2021-11-11,2070.0,2200.0,2070.0,2090.0,144700
2021-11-12,2010.0,2010.0,2010.0,2010.0,1500
2021-11-15,2000.0,2050.0,1965.0,2020.0,21500
2021-11-16,2020.0,2050.0,2020.0,2030.0,12600
2021-11-17,2030.0,2050.0,2000.0,2040.0,14000
2021-11-18,2040.0,2050.0,2000.0,2010.0,5500
2021-11-19,2030.0,2060.0,1980.0,2060.0,18800
2021-11-22,2060.0,2080.0,2020.0,2060.0,21600
2021-11-23,2020.0,2060.0,2020.0,2050.0,41700
2021-11-24,2050.0,2060.0,2040.0,2050.0,30100
2021-11-25,2000.0,2150.0,1980.0,2080.0,24600
2021-11-26,2070.0,2120.0,2010.0,2050.0,33600
2021-11-29,2000.0,2050.0,2000.0,2050.0,23900
2021-11-30,2050.0,2080.0,2010.0,2010.0,15000
2021-12-01,2040.0,2100.0,2020.0,2020.0,22100
2021-12-02,2030.0,2080.0,2000.0,2040.0,28100
2021-12-03,2040.0,2040.0,2000.0,2000.0,27600
2021-12-06,2010.0,2030.0,2010.0,2030.0,15500
2021-12-07,2040.0,2040.0,2010.0,2020.0,31100
2021-12-08,2000.0,2020.0,2000.0,2020.0,36200
2021-12-09,2020.0,2030.0,2000.0,2000.0,69300
2021-12-10,2000.0,2010.0,1960.0,2010.0,27400
2021-12-13,2000.0,2010.0,1960.0,2010.0,14900
2021-12-14,2010.0,2010.0,1985.0,2010.0,55000
2021-12-15,2000.0,2000.0,1965.0,2000.0,18100
2021-12-16,2000.0,2000.0,1965.0,1965.0,38300
2021-12-17,1965.0,2000.0,1965.0,1970.0,24400
2021-12-20,1970.0,2010.0,1970.0,1970.0,70100
2021-12-21,1970.0,2000.0,1970.0,1995.0,100100
2021-12-22,1995.0,2000.0,1960.0,1990.0,143500
2021-12-23,1990.0,1995.0,1940.0,1990.0,56800
2021-12-24,1990.0,1990.0,1935.0,1980.0,24800
2021-12-27,1980.0,1980.0,1930.0,1980.0,84300
2021-12-28,1980.0,1980.0,1950.0,1980.0,129700
2021-12-29,1980.0,1980.0,1940.0,1940.0,44900
2021-12-30,1970.0,2100.0,1905.0,2000.0,53600
2022-01-03,2000.0,2000.0,1995.0,2000.0,1600
2022-01-04,2000.0,2000.0,2000.0,2000.0,200
2022-01-05,2000.0,2000.0,1930.0,1985.0,15500
2022-01-06,1985.0,2380.0,1980.0,2180.0,50600
2022-01-07,2180.0,2180.0,2030.0,2030.0,15600
2022-01-10,2000.0,2000.0,1890.0,1995.0,33900
2022-01-11,1995.0,1995.0,1940.0,1970.0,6800
2022-01-12,1970.0,1975.0,1905.0,1975.0,2900
2022-01-13,1975.0,1975.0,1945.0,1975.0,3300
2022-01-14,1975.0,1975.0,1940.0,1940.0,1200
2022-01-17,1945.0,1945.0,1940.0,1940.0,400
2022-01-18,1940.0,1940.0,1940.0,1940.0,2400
2022-01-19,1940.0,1940.0,1940.0,1940.0,100
2022-01-20,1940.0,1940.0,1940.0,1940.0,200
2022-01-21,1940.0,1940.0,1940.0,1940.0,500
2022-01-24,2090.0,2090.0,2050.0,2050.0,2900
2022-01-25,1990.0,1990.0,1940.0,1985.0,1800
2022-01-26,1985.0,2000.0,1985.0,2000.0,2900
2022-01-27,2000.0,2000.0,2000.0,2000.0,500
2022-01-28,2000.0,2000.0,1940.0,1990.0,1300
2022-01-31,1990.0,1990.0,1985.0,1985.0,600
2022-02-02,1950.0,2030.0,1950.0,2030.0,4500
2022-02-03,2030.0,2030.0,1950.0,2010.0,8900
2022-02-04,2010.0,2010.0,2010.0,2010.0,500
2022-02-07,2010.0,2010.0,2010.0,2010.0,500
2022-02-08,2010.0,2010.0,2010.0,2010.0,400
2022-02-09,2010.0,2010.0,2010.0,2010.0,700
2022-02-10,1940.0,1940.0,1940.0,1940.0,6200
2022-02-11,1945.0,1945.0,1945.0,1945.0,1500
2022-02-14,1945.0,1970.0,1900.0,1950.0,37000
2022-02-15,1950.0,2000.0,1950.0,1950.0,1200
2022-02-16,1950.0,2090.0,1950.0,2060.0,1900
2022-02-17,2060.0,2060.0,1965.0,2050.0,4400
2022-02-18,2050.0,2050.0,2050.0,2050.0,600
2022-02-21,2040.0,2080.0,1980.0,2070.0,7600
2022-02-22,2050.0,2050.0,2000.0,2020.0,3700
2022-02-23,2020.0,2020.0,2000.0,2020.0,1000
2022-02-24,2040.0,2040.0,2030.0,2030.0,500
2022-02-25,1970.0,2040.0,1970.0,2040.0,1100
2022-03-01,1970.0,2030.0,1970.0,2020.0,2400
2022-03-02,2020.0,2020.0,2020.0,2020.0,0
2022-03-04,2020.0,2020.0,2010.0,2010.0,500
2022-03-07,2010.0,2010.0,2010.0,2010.0,100
2022-03-08,2010.0,2010.0,2010.0,2010.0,600
2022-03-09,2010.0,2010.0,2010.0,2010.0,800
2022-03-10,2010.0,2010.0,2010.0,2010.0,400
2022-03-11,2010.0,2010.0,2010.0,2010.0,0
2022-03-14,2010.0,2010.0,2010.0,2010.0,0
2022-03-15,2000.0,2020.0,2000.0,2020.0,8200
2022-03-16,2060.0,2060.0,2050.0,2050.0,200
2022-03-17,2040.0,2040.0,1990.0,1990.0,2100
2022-03-18,2100.0,2100.0,2000.0,2050.0,2100
2022-03-21,2060.0,2060.0,2060.0,2060.0,400
2022-03-22,2060.0,2060.0,2060.0,2060.0,0
2022-03-23,2060.0,2060.0,2060.0,2060.0,0
2022-03-24,2060.0,2060.0,2060.0,2060.0,0
2022-03-25,2000.0,2000.0,2000.0,2000.0,6500
2022-03-28,2000.0,2060.0,2000.0,2050.0,600
2022-03-29,2050.0,2050.0,2050.0,2050.0,100
2022-03-30,2050.0,2050.0,2050.0,2050.0,200
2022-03-31,2000.0,2050.0,2000.0,2050.0,400
2022-04-01,2070.0,2070.0,2060.0,2070.0,2600
2022-04-04,2070.0,2160.0,2070.0,2150.0,1600
2022-04-05,2050.0,2150.0,2050.0,2150.0,4000
2022-04-06,2100.0,2100.0,2100.0,2100.0,100
2022-04-07,2100.0,2100.0,2100.0,2100.0,600
2022-04-08,2100.0,2100.0,2100.0,2100.0,100
2022-04-11,2100.0,2250.0,2100.0,2110.0,17800
2022-04-12,2100.0,2100.0,2090.0,2090.0,1100
2022-04-13,2100.0,2150.0,2050.0,2050.0,1800
2022-04-14,2050.0,2050.0,2050.0,2050.0,500
2022-04-18,2050.0,2050.0,2000.0,2000.0,7600
2022-04-19,2100.0,2100.0,2100.0,2100.0,400
2022-04-20,2100.0,2100.0,2100.0,2100.0,100
2022-04-21,2100.0,2170.0,2100.0,2120.0,400
2022-04-22,2120.0,2120.0,2100.0,2100.0,500
2022-04-25,2000.0,2000.0,2000.0,2000.0,1000
2022-04-26,2020.0,2070.0,2000.0,2070.0,600
2022-04-27,2070.0,2170.0,2070.0,2110.0,300
2022-04-28,2180.0,2180.0,2000.0,2000.0,2800
2022-05-09,2000.0,2010.0,2000.0,2000.0,6700
2022-05-10,2000.0,2020.0,2000.0,2020.0,200
2022-05-11,2020.0,2020.0,2000.0,2000.0,200
2022-05-12,2010.0,2010.0,2010.0,2010.0,100
2022-05-13,2010.0,2010.0,2010.0,2010.0,0
2022-05-17,2020.0,2020.0,2000.0,2000.0,1200
2022-05-18,2000.0,2000.0,2000.0,2000.0,800
2022-05-19,2000.0,2070.0,2000.0,2020.0,300
2022-05-20,2020.0,2020.0,2020.0,2020.0,0
2022-05-23,2070.0,2070.0,2070.0,2070.0,100
2022-05-24,2070.0,2070.0,2050.0,2050.0,700
2022-05-25,2000.0,2000.0,2000.0,2000.0,100
2022-05-27,2010.0,2010.0,2000.0,2010.0,900
2022-05-30,2100.0,2100.0,2020.0,2020.0,600
2022-05-31,2100.0,2100.0,2030.0,2030.0,400
2022-06-02,2050.0,2060.0,2050.0,2060.0,1100
2022-06-03,2070.0,2070.0,2060.0,2060.0,500
2022-06-06,2030.0,2030.0,2030.0,2030.0,100
2022-06-07,2000.0,2090.0,2000.0,2030.0,1700
2022-06-08,2030.0,2030.0,2030.0,2030.0,0
2022-06-09,2000.0,2010.0,2000.0,2010.0,300
2022-06-10,2000.0,2000.0,2000.0,2000.0,400
2022-06-13,2060.0,2060.0,2000.0,2000.0,200
2022-06-14,2000.0,2000.0,2000.0,2000.0,0
2022-06-15,2000.0,2000.0,2000.0,2000.0,300
2022-06-16,2000.0,2000.0,2000.0,2000.0,0
2022-06-17,2000.0,2000.0,2000.0,2000.0,100
2022-06-20,2000.0,2000.0,2000.0,2000.0,0
2022-06-21,2000.0,2000.0,2000.0,2000.0,100
2022-06-22,2000.0,2000.0,2000.0,2000.0,500
2022-06-23,2000.0,2000.0,2000.0,2000.0,100
2022-06-24,2000.0,2000.0,2000.0,2000.0,0
2022-06-27,2000.0,2000.0,2000.0,2000.0,51300
2022-06-28,2000.0,2440.0,1970.0,1970.0,84000
2022-06-29,2000.0,2000.0,1990.0,1990.0,47500
2022-06-30,1990.0,2000.0,1990.0,1990.0,46700
2022-07-01,1990.0,2000.0,1990.0,1990.0,47400
2022-07-04,1990.0,1990.0,1975.0,1975.0,900
2022-07-05,1975.0,1975.0,1975.0,1975.0,0
2022-07-06,1975.0,1975.0,1975.0,1975.0,0
2022-07-07,1975.0,1975.0,1975.0,1975.0,0
2022-07-08,1980.0,1980.0,1980.0,1980.0,100
2022-07-11,1975.0,1975.0,1975.0,1975.0,200
2022-07-12,1975.0,1980.0,1970.0,1980.0,1100
2022-07-13,2020.0,2380.0,2020.0,2120.0,38300
2022-07-14,2120.0,2340.0,2120.0,2130.0,8000
2022-07-15,2300.0,2300.0,2180.0,2270.0,7100
2022-07-18,2270.0,2330.0,2270.0,2330.0,4200
2022-07-19,2270.0,2330.0,2250.0,2300.0,3000
2022-07-20,2300.0,2300.0,2140.0,2230.0,9200
2022-07-21,2220.0,2230.0,2080.0,2190.0,16100
2022-07-22,2180.0,2180.0,2040.0,2070.0,32900
2022-07-25,1980.0,1990.0,1980.0,1990.0,600
2022-07-26,2000.0,2000.0,1990.0,1990.0,1000
2022-07-27,1990.0,1990.0,1990.0,1990.0,400
2022-07-28,1990.0,1990.0,1990.0,1990.0,100
2022-07-29,1990.0,1990.0,1985.0,1985.0,1200
2022-08-01,1985.0,1985.0,1980.0,1985.0,1000
2022-08-02,1985.0,1985.0,1985.0,1985.0,500
2022-08-03,1980.0,1985.0,1970.0,1985.0,15900
2022-08-04,1985.0,1985.0,1985.0,1985.0,200
2022-08-05,1985.0,1985.0,1985.0,1985.0,0
2022-08-08,1985.0,1990.0,1985.0,1985.0,4700
2022-08-09,1985.0,1985.0,1980.0,1980.0,7000
2022-08-10,1980.0,1980.0,1975.0,1975.0,1800
2022-08-11,1975.0,2040.0,1975.0,2000.0,2700
2022-08-12,2000.0,2000.0,2000.0,2000.0,0
2022-08-15,2020.0,2020.0,2020.0,2020.0,200
2022-08-16,2010.0,2010.0,1980.0,1980.0,300
2022-08-18,1980.0,1980.0,1980.0,1980.0,900
2022-08-19,2000.0,2380.0,1980.0,1985.0,48900
2022-08-22,1985.0,1990.0,1970.0,1990.0,26800
2022-08-23,1975.0,1975.0,1970.0,1970.0,3700
2022-08-24,1995.0,2000.0,1995.0,2000.0,700
2022-08-25,1970.0,1970.0,1960.0,1960.0,5500
2022-08-26,2000.0,2050.0,1985.0,1985.0,600
2022-08-29,2010.0,2010.0,2010.0,2010.0,100
2022-08-30,2010.0,2010.0,2010.0,2010.0,0
2022-08-31,1970.0,1970.0,1930.0,1930.0,45700
2022-09-01,2000.0,2000.0,1950.0,1950.0,300
2022-09-02,1950.0,1950.0,1950.0,1950.0,0
2022-09-05,2000.0,2000.0,1995.0,1995.0,19400
2022-09-06,1950.0,1955.0,1950.0,1950.0,5500
2022-09-07,1970.0,1970.0,1970.0,1970.0,100
2022-09-08,1970.0,1970.0,1970.0,1970.0,100
2022-09-09,1970.0,1970.0,1970.0,1970.0,0
2022-09-12,1970.0,1970.0,1970.0,1970.0,0
2022-09-13,1990.0,2000.0,1990.0,2000.0,10000
2022-09-14,1980.0,1980.0,1980.0,1980.0,200
2022-09-15,1980.0,2000.0,1980.0,1990.0,9000
2022-09-16,1990.0,1990.0,1950.0,1950.0,4700
2022-09-19,1950.0,1950.0,1950.0,1950.0,5100
2022-09-20,1950.0,1950.0,1950.0,1950.0,0
2022-09-21,2040.0,2040.0,2040.0,2040.0,100
2022-09-22,1960.0,1960.0,1960.0,1960.0,300
2022-09-23,1960.0,2000.0,1960.0,2000.0,900
2022-09-26,1955.0,1955.0,1955.0,1955.0,500
2022-09-27,1955.0,1955.0,1955.0,1955.0,0
2022-09-28,1955.0,1955.0,1955.0,1955.0,0
2022-09-29,1955.0,1955.0,1955.0,1955.0,0
2022-09-30,1995.0,1995.0,1950.0,1950.0,200
2022-10-03,1950.0,1950.0,1950.0,1950.0,100
2022-10-04,1955.0,1955.0,1955.0,1955.0,100
2022-10-05,1955.0,1955.0,1955.0,1955.0,0
2022-10-06,1955.0,1955.0,1955.0,1955.0,0
2022-10-07,1955.0,1955.0,1955.0,1955.0,0
2022-10-10,1950.0,1950.0,1950.0,1950.0,700
2022-10-11,1950.0,1950.0,1950.0,1950.0,0
2022-10-12,1950.0,1950.0,1950.0,1950.0,200
2022-10-13,1955.0,1955.0,1955.0,1955.0,100
2022-10-14,1955.0,1955.0,1955.0,1955.0,500
2022-10-17,1950.0,1955.0,1950.0,1955.0,200
2022-10-18,1985.0,2050.0,1985.0,2030.0,300
2022-10-19,1975.0,1990.0,1975.0,1975.0,300
2022-10-20,1970.0,1995.0,1950.0,1950.0,2200
2022-10-21,1980.0,1980.0,1980.0,1980.0,700
2022-10-24,2000.0,2020.0,2000.0,2020.0,200
2022-10-25,2020.0,2020.0,2020.0,2020.0,0
2022-10-26,2020.0,2020.0,2020.0,2020.0,500
2022-10-27,2010.0,2010.0,2010.0,2010.0,100
2022-10-28,2010.0,2010.0,2010.0,2010.0,0
2022-10-31,2010.0,2010.0,2010.0,2010.0,0
2022-11-01,2010.0,2010.0,2010.0,2010.0,0
2022-11-02,2010.0,2010.0,2010.0,2010.0,0
2022-11-03,2010.0,2010.0,2010.0,2010.0,0
2022-11-04,2010.0,2010.0,2010.0,2010.0,0
2022-11-07,2000.0,2000.0,2000.0,2000.0,200
2022-11-08,2000.0,2000.0,2000.0,2000.0,800
2022-11-09,2000.0,2000.0,2000.0,2000.0,0
2022-11-10,2000.0,2000.0,2000.0,2000.0,0
2022-11-11,2000.0,2000.0,2000.0,2000.0,100
2022-11-14,1955.0,1955.0,1955.0,1955.0,100
2022-11-15,1955.0,1960.0,1955.0,1955.0,2600
2022-11-16,1955.0,1955.0,1955.0,1955.0,0
2022-11-17,2090.0,2090.0,2020.0,2020.0,200
2022-11-18,2020.0,2020.0,2020.0,2020.0,0
2022-11-21,2020.0,2020.0,2020.0,2020.0,0
2022-11-22,2000.0,2000.0,2000.0,2000.0,100
2022-11-23,2000.0,2000.0,2000.0,2000.0,0
2022-11-24,2000.0,2200.0,2000.0,2200.0,11000
2022-11-25,2050.0,2190.0,2050.0,2100.0,7900
2022-11-28,2100.0,2100.0,2100.0,2100.0,0
2022-11-29,2010.0,2040.0,1955.0,2000.0,21300
2022-11-30,1970.0,1970.0,1970.0,1970.0,100
2022-12-01,1975.0,1975.0,1970.0,1970.0,1100
2022-12-02,1970.0,1970.0,1970.0,1970.0,0
2022-12-05,1970.0,1970.0,1970.0,1970.0,0
2022-12-06,1970.0,1970.0,1970.0,1970.0,0
2022-12-07,2090.0,2090.0,2010.0,2010.0,200
2022-12-08,2040.0,2050.0,2010.0,2020.0,1000
2022-12-09,2020.0,2020.0,2020.0,2020.0,0
2022-12-12,2010.0,2020.0,2010.0,2020.0,500
2022-12-13,1970.0,1970.0,1970.0,1970.0,100
2022-12-14,1970.0,1970.0,1970.0,1970.0,0
2022-12-15,1970.0,1970.0,1970.0,1970.0,0
2022-12-16,2020.0,2020.0,2020.0,2020.0,100
2022-12-19,2020.0,2020.0,2020.0,2020.0,0
2022-12-20,2020.0,2020.0,2020.0,2020.0,0
2022-12-21,1980.0,1980.0,1980.0,1980.0,600
2022-12-22,2030.0,2030.0,2030.0,2030.0,100
2022-12-23,2030.0,2030.0,2030.0,2030.0,0
2022-12-26,2030.0,2030.0,2030.0,2030.0,0
2022-12-27,2030.0,2030.0,2030.0,2030.0,0
2022-12-28,2030.0,2030.0,2030.0,2030.0,0
2022-12-29,2030.0,2150.0,2020.0,2020.0,400
2022-12-30,2020.0,2120.0,2020.0,2120.0,2300
2023-01-02,2120.0,2120.0,2120.0,2120.0,0
2023-01-03,2020.0,2090.0,2010.0,2010.0,400
2023-01-04,2010.0,2010.0,2010.0,2010.0,0
2023-01-05,2010.0,2010.0,2010.0,2010.0,0
2023-01-06,2090.0,2090.0,2070.0,2070.0,95300
2023-01-09,2070.0,2070.0,2070.0,2070.0,0
2023-01-10,2070.0,2070.0,2070.0,2070.0,0
2023-01-11,2070.0,2070.0,2070.0,2070.0,0
2023-01-12,1980.0,2050.0,1980.0,2050.0,200
2023-01-13,2050.0,2050.0,2050.0,2050.0,0
2023-01-16,2050.0,2050.0,2050.0,2050.0,0
2023-01-17,2050.0,2050.0,2050.0,2050.0,0
2023-01-18,2050.0,2050.0,2050.0,2050.0,1000
2023-01-19,1980.0,2040.0,1940.0,1940.0,25200
2023-01-20,1955.0,1960.0,1955.0,1960.0,1100
2023-01-24,1960.0,1960.0,1960.0,1960.0,0
2023-01-25,1955.0,1955.0,1935.0,1955.0,1300
2023-01-26,1950.0,1950.0,1945.0,1950.0,3700
2023-01-27,1950.0,1950.0,1950.0,1950.0,0
2023-01-30,1950.0,1950.0,1950.0,1950.0,1200
2023-01-31,1950.0,1950.0,1950.0,1950.0,0
2023-02-01,1950.0,1950.0,1950.0,1950.0,0
2023-02-02,2050.0,2050.0,2000.0,2000.0,600
2023-02-03,2000.0,2000.0,2000.0,2000.0,0
2023-02-06,2000.0,2000.0,2000.0,2000.0,0
2023-02-07,1940.0,1980.0,1920.0,1980.0,26000
2023-02-08,2030.0,2030.0,2030.0,2030.0,100
2023-02-09,2030.0,2030.0,2030.0,2030.0,0
2023-02-10,2030.0,2030.0,2030.0,2030.0,1000
2023-02-13,2030.0,2030.0,2030.0,2030.0,0
2023-02-14,2030.0,2030.0,2030.0,2030.0,0
2023-02-15,2030.0,2030.0,2030.0,2030.0,0
2023-02-16,2030.0,2030.0,2030.0,2030.0,0
2023-02-17,2030.0,2030.0,2030.0,2030.0,0
2023-02-20,1955.0,1955.0,1955.0,1955.0,100
2023-02-21,1955.0,1955.0,1955.0,1955.0,0
2023-02-22,1955.0,1955.0,1955.0,1955.0,0
2023-02-23,1955.0,1955.0,1955.0,1955.0,0
2023-02-24,1955.0,1955.0,1955.0,1955.0,0
2023-02-27,1955.0,1955.0,1955.0,1955.0,0
2023-02-28,1950.0,1950.0,1950.0,1950.0,1000
2023-03-01,1950.0,1950.0,1950.0,1950.0,0
2023-03-02,1950.0,2000.0,1950.0,2000.0,600
2023-03-03,2000.0,2000.0,2000.0,2000.0,200
2023-03-06,1960.0,1960.0,1960.0,1960.0,100
2023-03-07,1960.0,1960.0,1960.0,1960.0,0
2023-03-08,1960.0,1960.0,1960.0,1960.0,100
2023-03-09,1960.0,1960.0,1950.0,1950.0,2100
2023-03-10,1950.0,1950.0,1950.0,1950.0,100
2023-03-13,1950.0,1950.0,1950.0,1950.0,900
2023-03-14,1950.0,1950.0,1945.0,1945.0,900
2023-03-15,2000.0,2000.0,2000.0,2000.0,100
2023-03-16,2000.0,2000.0,2000.0,2000.0,0
2023-03-17,2000.0,2000.0,2000.0,2000.0,0
2023-03-20,2000.0,2000.0,2000.0,2000.0,0
2023-03-21,1960.0,1960.0,1960.0,1960.0,100000
2023-03-24,1960.0,1960.0,1960.0,1960.0,0
2023-03-27,1950.0,1960.0,1950.0,1960.0,300
2023-03-28,1960.0,1960.0,1960.0,1960.0,100
2023-03-29,1960.0,1960.0,1960.0,1960.0,100
2023-03-30,1960.0,1960.0,1960.0,1960.0,400
2023-03-31,1960.0,1960.0,1960.0,1960.0,0
2023-04-03,1960.0,1960.0,1960.0,1960.0,100
2023-04-04,1940.0,2000.0,1935.0,1940.0,529700
2023-04-05,2000.0,2000.0,1935.0,1935.0,523200
2023-04-06,1945.0,1945.0,1945.0,1945.0,1200
2023-04-10,1945.0,1945.0,1945.0,1945.0,400
2023-04-11,1910.0,1910.0,1910.0,1910.0,14400
2023-04-12,1910.0,2000.0,1910.0,2000.0,3700
2023-04-13,2000.0,2000.0,2000.0,2000.0,0
2023-04-14,2000.0,2000.0,2000.0,2000.0,0
2023-04-17,1925.0,1925.0,1925.0,1925.0,600
2023-04-18,1925.0,1925.0,1925.0,1925.0,0
2023-04-26,1925.0,1925.0,1925.0,1925.0,0
2023-04-27,1925.0,1925.0,1925.0,1925.0,500
2023-04-28,1925.0,1925.0,1925.0,1925.0,0
2023-05-02,1925.0,1925.0,1925.0,1925.0,200
2023-05-03,1930.0,1930.0,1925.0,1925.0,600
2023-05-04,1925.0,1925.0,1925.0,1925.0,100
2023-05-05,1925.0,1925.0,1925.0,1925.0,0
2023-05-08,1925.0,1925.0,1925.0,1925.0,0
2023-05-09,1925.0,1925.0,1925.0,1925.0,0
2023-05-10,1925.0,1925.0,1925.0,1925.0,0
2023-05-11,2000.0,2000.0,2000.0,2000.0,100
2023-05-12,2000.0,2000.0,2000.0,2000.0,0
2023-05-15,2000.0,2000.0,2000.0,2000.0,0
2023-05-16,2000.0,2000.0,2000.0,2000.0,0
2023-05-17,2000.0,2000.0,2000.0,2000.0,2000
2023-05-19,1925.0,1925.0,1925.0,1925.0,100
2023-05-22,1925.0,1925.0,1925.0,1925.0,0
2023-05-23,1925.0,1925.0,1920.0,1925.0,4100
2023-05-24,1920.0,1920.0,1920.0,1920.0,100
2023-05-25,1920.0,1920.0,1910.0,1920.0,3400
2023-05-26,1920.0,1920.0,1920.0,1920.0,100
2023-05-29,1920.0,1920.0,1920.0,1920.0,0
2023-05-30,1920.0,1920.0,1920.0,1920.0,0
2023-05-31,1920.0,1920.0,1900.0,1900.0,24300
2023-06-05,1950.0,1990.0,1900.0,1990.0,88500
2023-06-06,1990.0,1990.0,1990.0,1990.0,0
2023-06-07,1990.0,1990.0,1990.0,1990.0,0
2023-06-08,2000.0,2050.0,1930.0,2050.0,8900
2023-06-09,1950.0,1950.0,1950.0,1950.0,500
2023-06-12,1950.0,1950.0,1950.0,1950.0,200
2023-06-13,2000.0,2040.0,2000.0,2000.0,2200
2023-06-14,2000.0,2030.0,2000.0,2000.0,1500
2023-06-15,1995.0,1995.0,1950.0,1960.0,13000
2023-06-16,1950.0,1950.0,1940.0,1950.0,6500
2023-06-19,1950.0,1950.0,1950.0,1950.0,4400
2023-06-20,1940.0,1950.0,1940.0,1950.0,300
2023-06-21,1950.0,1950.0,1950.0,1950.0,0
2023-06-22,2010.0,2010.0,2000.0,2000.0,1100
2023-06-23,2000.0,2000.0,2000.0,2000.0,300
2023-06-26,2000.0,2000.0,1980.0,1980.0,1100
2023-06-27,1980.0,1980.0,1980.0,1980.0,0
2023-07-03,1980.0,1980.0,1980.0,1980.0,0
2023-07-04,1980.0,1980.0,1980.0,1980.0,100
2023-07-05,1980.0,1980.0,1980.0,1980.0,0
2023-07-06,1980.0,1980.0,1980.0,1980.0,0
2023-07-07,1980.0,1980.0,1980.0,1980.0,0
2023-07-10,2030.0,2030.0,2030.0,2030.0,800
2023-07-11,2020.0,2020.0,1950.0,2000.0,178500
2023-07-12,1950.0,1950.0,1950.0,1950.0,180300
2023-07-13,1950.0,1950.0,1930.0,1930.0,100100
2023-07-14,1950.0,1950.0,1950.0,1950.0,73900
2023-07-17,1950.0,1950.0,1950.0,1950.0,0
2023-07-18,1950.0,1950.0,1950.0,1950.0,0
2023-07-20,1930.0,1930.0,1930.0,1930.0,100
2023-07-21,1930.0,1930.0,1930.0,1930.0,0
2023-07-24,1930.0,1930.0,1930.0,1930.0,600
2023-07-25,1930.0,1930.0,1930.0,1930.0,0
2023-07-26,1930.0,1930.0,1930.0,1930.0,0
2023-07-27,1950.0,2000.0,1930.0,1930.0,700
2023-07-28,1935.0,1935.0,1935.0,1935.0,100
2023-07-31,1930.0,1950.0,1900.0,1950.0,42800
2023-08-01,1950.0,1950.0,1950.0,1950.0,0
2023-08-02,1950.0,1950.0,1950.0,1950.0,0
2023-08-03,1960.0,1960.0,1900.0,1900.0,38200
2023-08-04,1900.0,1900.0,1900.0,1900.0,0
2023-08-07,1930.0,1930.0,1930.0,1930.0,900
2023-08-08,1930.0,1930.0,1900.0,1900.0,19300
2023-08-09,1900.0,1900.0,1900.0,1900.0,0
2023-08-10,1900.0,1900.0,1900.0,1900.0,0
2023-08-11,1900.0,1900.0,1900.0,1900.0,0
2023-08-14,1900.0,1900.0,1900.0,1900.0,0
2023-08-15,1930.0,1950.0,1930.0,1950.0,200
2023-08-16,1950.0,1950.0,1950.0,1950.0,2100
2023-08-18,1950.0,1950.0,1950.0,1950.0,0
2023-08-21,1950.0,1950.0,1950.0,1950.0,300
2023-08-22,1930.0,1930.0,1930.0,1930.0,300
2023-08-23,1930.0,1930.0,1930.0,1930.0,0
2023-08-24,1930.0,1930.0,1930.0,1930.0,0
2023-08-25,1930.0,1930.0,1930.0,1930.0,0
2023-08-28,1930.0,1930.0,1930.0,1930.0,0
2023-08-29,1930.0,1930.0,1930.0,1930.0,0
2023-08-30,1920.0,1920.0,1920.0,1920.0,100
2023-08-31,1920.0,1920.0,1920.0,1920.0,0
2023-09-01,1920.0,1920.0,1920.0,1920.0,0
2023-09-04,1920.0,1920.0,1920.0,1920.0,0
2023-09-05,1920.0,1920.0,1920.0,1920.0,0
2023-09-06,1920.0,1920.0,1920.0,1920.0,0
2023-09-07,1930.0,1930.0,1925.0,1925.0,2100
2023-09-08,1925.0,1925.0,1925.0,1925.0,0
2023-09-11,1925.0,1925.0,1925.0,1925.0,0
2023-09-12,1975.0,2000.0,1940.0,1940.0,700
2023-09-13,1995.0,1995.0,1965.0,1965.0,200
2023-09-14,1940.0,1940.0,1940.0,1940.0,200
2023-09-15,1930.0,1930.0,1930.0,1930.0,100
2023-09-18,1930.0,1930.0,1930.0,1930.0,0
2023-09-19,1930.0,1930.0,1930.0,1930.0,100
2023-09-20,1930.0,1930.0,1930.0,1930.0,0
2023-09-21,1930.0,1930.0,1930.0,1930.0,300
2023-09-22,1930.0,1930.0,1930.0,1930.0,0
2023-09-25,1930.0,1930.0,1930.0,1930.0,0
2023-09-26,1930.0,1930.0,1930.0,1930.0,0
2023-09-27,1900.0,1900.0,1900.0,1900.0,100
2023-09-29,1925.0,1925.0,1925.0,1925.0,300
2023-10-02,1925.0,1925.0,1925.0,1925.0,0
2023-10-03,1925.0,1925.0,1925.0,1925.0,0
2023-10-04,1925.0,1925.0,1925.0,1925.0,0
2023-10-05,1920.0,2000.0,1910.0,2000.0,6200
2023-10-06,1920.0,1920.0,1920.0,1920.0,100
2023-10-09,1920.0,1920.0,1920.0,1920.0,0
2023-10-10,1920.0,1920.0,1920.0,1920.0,0
2023-10-11,1920.0,1920.0,1920.0,1920.0,0
2023-10-12,1920.0,1920.0,1920.0,1920.0,0
2023-10-13,1920.0,1920.0,1920.0,1920.0,900
2023-10-16,1915.0,1915.0,1915.0,1915.0,200
2023-10-17,1915.0,1915.0,1915.0,1915.0,0
2023-10-18,1915.0,1915.0,1915.0,1915.0,0
2023-10-19,1965.0,1965.0,1965.0,1965.0,100
2023-10-20,1965.0,1965.0,1965.0,1965.0,0
2023-10-23,1920.0,1920.0,1920.0,1920.0,100
2023-10-24,1920.0,1920.0,1920.0,1920.0,0
2023-10-25,1920.0,1920.0,1920.0,1920.0,0
2023-10-26,1920.0,1920.0,1920.0,1920.0,0
2023-10-27,1950.0,1950.0,1950.0,1950.0,100
2023-10-30,1950.0,1950.0,1950.0,1950.0,0
2023-10-31,1950.0,1950.0,1950.0,1950.0,0
2023-11-01,1950.0,1950.0,1950.0,1950.0,0
2023-11-02,1950.0,1950.0,1950.0,1950.0,0
2023-11-03,1915.0,1915.0,1915.0,1915.0,500
2023-11-06,1915.0,1915.0,1915.0,1915.0,0
2023-11-07,1915.0,1915.0,1915.0,1915.0,0
2023-11-08,1915.0,1915.0,1915.0,1915.0,0
2023-11-09,1915.0,2000.0,1915.0,2000.0,400
2023-11-10,2000.0,2000.0,2000.0,2000.0,0
2023-11-13,2000.0,2000.0,2000.0,2000.0,0
2023-11-14,2000.0,2000.0,2000.0,2000.0,0
2023-11-15,1915.0,1960.0,1915.0,1915.0,2300
2023-11-16,1915.0,1965.0,1915.0,1965.0,1800
2023-11-17,1965.0,1965.0,1965.0,1965.0,400
2023-11-20,1920.0,1920.0,1920.0,1920.0,200
2023-11-21,1920.0,1920.0,1920.0,1920.0,100
2023-11-22,1905.0,1905.0,1905.0,1905.0,300
2023-11-23,1905.0,1905.0,1905.0,1905.0,0
2023-11-24,1905.0,1905.0,1905.0,1905.0,0
2023-11-27,1905.0,1905.0,1905.0,1905.0,300
2023-11-28,1900.0,1900.0,1900.0,1900.0,200000
2023-11-29,1900.0,1900.0,1900.0,1900.0,300
2023-11-30,1900.0,1900.0,1900.0,1900.0,0
2023-12-01,1900.0,1900.0,1900.0,1900.0,0
2023-12-04,1900.0,1900.0,1900.0,1900.0,0
2023-12-05,1900.0,1900.0,1900.0,1900.0,0
2023-12-06,1900.0,1900.0,1900.0,1900.0,0
2023-12-07,1680.0,1680.0,1680.0,1680.0,25000
2023-12-08,1850.0,1850.0,1850.0,1850.0,100
2023-12-11,1920.0,1920.0,1910.0,1910.0,200
2023-12-12,1910.0,1910.0,1910.0,1910.0,200
2023-12-13,1910.0,1910.0,1910.0,1910.0,0
2023-12-14,1910.0,1910.0,1910.0,1910.0,0
2023-12-15,1910.0,1910.0,1850.0,1850.0,600
2023-12-18,1850.0,1850.0,1850.0,1850.0,1000
2023-12-19,1850.0,1850.0,1850.0,1850.0,100
2023-12-20,1850.0,1850.0,1850.0,1850.0,0
2023-12-21,1850.0,1850.0,1850.0,1850.0,0
2023-12-22,1850.0,1850.0,1850.0,1850.0,0
