Tanggal,Open,High,Low,Close,Volume,Pivot_High,Pivot_Low
2019-12-26,535.0,535.0,515.0,525.0,18400,,
2019-12-27,525.0,535.0,525.0,535.0,40900,,
2019-12-30,535.0,585.0,530.0,585.0,2900,585.0,
2020-01-02,530.0,580.0,530.0,580.0,200,,
2020-01-03,580.0,580.0,580.0,580.0,0,,
2020-01-06,580.0,580.0,580.0,580.0,0,,
2020-01-07,530.0,535.0,505.0,535.0,2400,,505.0
2020-01-08,535.0,565.0,535.0,565.0,3200,565.0,
2020-01-09,515.0,545.0,515.0,525.0,8900,,515.0
2020-01-10,535.0,535.0,525.0,535.0,8000,,
2020-01-13,535.0,535.0,520.0,530.0,8900,,520.0
2020-01-14,530.0,530.0,530.0,530.0,0,,
2020-01-15,520.0,520.0,515.0,520.0,6200,,
2020-01-16,505.0,515.0,500.0,515.0,600,,500.0
2020-01-17,515.0,535.0,505.0,535.0,1500,,
2020-01-20,535.0,535.0,535.0,535.0,0,,
2020-01-21,520.0,525.0,520.0,525.0,600,,
2020-01-22,525.0,530.0,505.0,530.0,1000,,505.0
2020-01-23,530.0,530.0,530.0,530.0,600,,
2020-01-24,530.0,530.0,530.0,530.0,0,,
2020-01-27,500.0,510.0,500.0,510.0,4000,,
2020-01-28,500.0,500.0,490.0,494.0,40200,,490.0
2020-01-29,510.0,510.0,500.0,500.0,6200,510.0,
2020-01-30,500.0,500.0,500.0,500.0,100,,
2020-01-31,500.0,500.0,500.0,500.0,0,,
2020-02-03,500.0,500.0,500.0,500.0,0,,
2020-02-04,510.0,510.0,505.0,505.0,500,,
2020-02-05,505.0,510.0,496.0,510.0,1000,,
2020-02-06,510.0,510.0,496.0,510.0,800,,
2020-02-07,510.0,555.0,510.0,555.0,200,,
2020-02-10,555.0,555.0,555.0,555.0,0,,
2020-02-11,555.0,555.0,555.0,555.0,0,,
2020-02-12,525.0,525.0,525.0,525.0,300,,
2020-02-13,520.0,520.0,520.0,520.0,1000,,
2020-02-14,520.0,520.0,500.0,520.0,13200,,500.0
2020-02-17,520.0,520.0,520.0,520.0,100,,
2020-02-18,500.0,520.0,500.0,520.0,300,,500.0
2020-02-19,520.0,520.0,520.0,520.0,0,,
2020-02-20,520.0,520.0,520.0,520.0,0,,
2020-02-21,515.0,515.0,515.0,515.0,6000,,
2020-02-24,505.0,505.0,505.0,505.0,300,,
2020-02-25,480.0,515.0,480.0,515.0,2700,515.0,480.0
2020-02-26,490.0,505.0,490.0,505.0,1600,,
2020-02-27,490.0,500.0,490.0,500.0,1200,,
2020-02-28,500.0,520.0,500.0,520.0,400,,
2020-03-02,520.0,520.0,520.0,520.0,800,,
2020-03-03,520.0,520.0,520.0,520.0,0,,
2020-03-04,520.0,520.0,520.0,520.0,200,,
2020-03-05,520.0,520.0,520.0,520.0,0,,
2020-03-06,520.0,520.0,520.0,520.0,2600,,
2020-03-09,450.0,520.0,450.0,520.0,1500,,450.0
2020-03-10,520.0,520.0,520.0,520.0,0,,
2020-03-11,520.0,520.0,520.0,520.0,0,,
2020-03-12,520.0,520.0,520.0,520.0,100,,
2020-03-13,500.0,515.0,500.0,515.0,400,,500.0
2020-03-16,515.0,515.0,515.0,515.0,0,,
2020-03-17,480.0,510.0,480.0,510.0,400,,
2020-03-18,476.0,492.0,476.0,476.0,9300,,
2020-03-19,474.0,498.0,474.0,498.0,300,,474.0
2020-03-20,510.0,510.0,510.0,510.0,200,,
2020-03-23,515.0,525.0,480.0,480.0,22100,525.0,
2020-03-24,480.0,520.0,480.0,488.0,700,,
2020-03-26,500.0,520.0,482.0,520.0,800,,
2020-03-27,500.0,500.0,490.0,490.0,32100,,
2020-03-30,490.0,505.0,490.0,500.0,4800,505.0,
2020-03-31,500.0,500.0,500.0,500.0,500,,
2020-04-01,500.0,500.0,500.0,500.0,1600,,
2020-04-02,472.0,505.0,472.0,505.0,400,,472.0
2020-04-03,505.0,505.0,505.0,505.0,0,,
2020-04-06,500.0,500.0,500.0,500.0,500,,
2020-04-07,500.0,500.0,500.0,500.0,300,,
2020-04-08,480.0,500.0,480.0,494.0,2500,,480.0
2020-04-09,494.0,494.0,494.0,494.0,100,,
2020-04-13,474.0,494.0,474.0,494.0,1900,,474.0
2020-04-14,500.0,500.0,500.0,500.0,100,,
2020-04-15,500.0,500.0,500.0,500.0,0,,
2020-04-16,500.0,500.0,488.0,488.0,400,,
2020-04-17,500.0,500.0,476.0,494.0,1100,,
2020-04-20,492.0,492.0,460.0,460.0,76000,,
2020-04-21,450.0,486.0,450.0,482.0,500,,450.0
2020-04-22,482.0,490.0,480.0,480.0,3600,490.0,
2020-04-23,480.0,480.0,458.0,478.0,4900,,458.0
2020-04-24,478.0,482.0,478.0,478.0,31100,,
2020-04-27,478.0,490.0,478.0,488.0,900,490.0,
2020-04-28,486.0,486.0,456.0,484.0,9500,,456.0
2020-04-29,484.0,484.0,484.0,484.0,100,,
2020-04-30,484.0,484.0,462.0,480.0,3000,,462.0
2020-05-04,480.0,480.0,480.0,480.0,500,,
2020-05-05,468.0,476.0,456.0,476.0,11800,,456.0
2020-05-06,460.0,476.0,460.0,476.0,4000,,
2020-05-08,474.0,474.0,474.0,474.0,500,,
2020-05-11,474.0,500.0,474.0,500.0,3400,500.0,
2020-05-12,498.0,498.0,496.0,496.0,1600,,
2020-05-13,490.0,490.0,470.0,488.0,3400,,470.0
2020-05-14,488.0,488.0,472.0,486.0,700,,
2020-05-15,480.0,480.0,460.0,480.0,400,,460.0
2020-05-18,480.0,480.0,480.0,480.0,0,,
2020-05-19,460.0,480.0,460.0,468.0,16700,,460.0
2020-05-20,478.0,478.0,468.0,476.0,2700,,
2020-05-26,476.0,476.0,474.0,474.0,2300,,
2020-05-27,458.0,458.0,452.0,458.0,5700,,452.0
2020-05-28,476.0,476.0,476.0,476.0,25500,,
2020-05-29,476.0,476.0,476.0,476.0,0,,
2020-06-02,470.0,470.0,460.0,470.0,25900,,
2020-06-03,470.0,482.0,460.0,478.0,3600,482.0,
2020-06-04,478.0,478.0,462.0,476.0,2800,,
2020-06-05,476.0,496.0,476.0,496.0,2400,,
2020-06-08,496.0,496.0,486.0,486.0,6900,,
2020-06-09,486.0,486.0,474.0,476.0,38600,,
2020-06-10,486.0,486.0,466.0,468.0,500,,466.0
2020-06-11,484.0,484.0,484.0,484.0,500,,
2020-06-12,482.0,490.0,480.0,490.0,106400,,480.0
2020-06-15,490.0,490.0,490.0,490.0,0,,
2020-06-16,490.0,510.0,460.0,505.0,17300,510.0,460.0
2020-06-17,505.0,505.0,478.0,496.0,4500,,
2020-06-18,500.0,500.0,494.0,494.0,11900,,
2020-06-19,494.0,494.0,494.0,494.0,0,,
2020-06-22,492.0,525.0,474.0,525.0,53000,,474.0
2020-06-23,510.0,530.0,490.0,530.0,133100,,
2020-06-24,520.0,530.0,498.0,500.0,20900,,
2020-06-25,500.0,500.0,480.0,500.0,4600,,480.0
2020-06-26,500.0,500.0,500.0,500.0,0,,
2020-06-29,515.0,515.0,500.0,500.0,2400,,
2020-06-30,500.0,545.0,494.0,545.0,60800,545.0,494.0
2020-07-01,530.0,530.0,510.0,510.0,5900,,
2020-07-02,535.0,535.0,486.0,494.0,9500,,486.0
2020-07-03,494.0,535.0,494.0,500.0,3800,,
2020-07-06,500.0,525.0,494.0,525.0,3000,,
2020-07-07,525.0,525.0,505.0,525.0,3600,,
2020-07-08,530.0,530.0,515.0,520.0,3200,530.0,
2020-07-09,520.0,520.0,500.0,510.0,9200,,
2020-07-10,520.0,520.0,500.0,520.0,400,,
2020-07-13,520.0,520.0,500.0,520.0,4500,,
2020-07-14,498.0,515.0,496.0,510.0,9800,,496.0
2020-07-15,515.0,515.0,515.0,515.0,6700,,
2020-07-16,515.0,515.0,500.0,515.0,1100,,500.0
2020-07-17,515.0,520.0,510.0,520.0,7600,,
2020-07-20,530.0,530.0,520.0,520.0,4300,530.0,
2020-07-21,505.0,515.0,500.0,515.0,7200,,500.0
2020-07-22,520.0,530.0,510.0,510.0,95200,530.0,
2020-07-23,500.0,515.0,500.0,515.0,3800,,
2020-07-24,505.0,510.0,500.0,510.0,2100,,
2020-07-27,515.0,515.0,515.0,515.0,100200,,
2020-07-28,505.0,520.0,505.0,510.0,4900,520.0,505.0
2020-07-29,515.0,515.0,515.0,515.0,200,,
2020-07-30,520.0,520.0,500.0,515.0,700,520.0,500.0
2020-08-03,515.0,515.0,505.0,515.0,1100,,
2020-08-04,520.0,520.0,505.0,510.0,17000,520.0,
2020-08-05,500.0,515.0,500.0,510.0,2100,,
2020-08-06,500.0,515.0,500.0,515.0,10400,,
2020-08-07,500.0,515.0,500.0,515.0,5300,,
2020-08-10,500.0,515.0,500.0,510.0,7200,,
2020-08-11,510.0,510.0,505.0,510.0,11900,,
2020-08-12,500.0,510.0,500.0,510.0,32600,,
2020-08-13,500.0,505.0,500.0,505.0,38900,,
2020-08-14,505.0,515.0,505.0,510.0,65700,515.0,
2020-08-18,505.0,505.0,500.0,505.0,7500,,
2020-08-19,510.0,510.0,500.0,505.0,4900,,
2020-08-24,505.0,510.0,505.0,510.0,500300,,
2020-08-25,510.0,510.0,500.0,505.0,27100,,
2020-08-26,500.0,505.0,500.0,505.0,3700,,
2020-08-27,500.0,510.0,500.0,510.0,29500,,
2020-08-28,505.0,510.0,505.0,510.0,4100,,
2020-08-31,510.0,510.0,500.0,505.0,14600,,
2020-09-01,500.0,505.0,500.0,505.0,400,,
2020-09-02,500.0,505.0,500.0,505.0,10800,,
2020-09-03,500.0,500.0,500.0,500.0,4800,,
2020-09-04,500.0,500.0,494.0,500.0,8300,,494.0
2020-09-07,505.0,505.0,496.0,505.0,600,505.0,
2020-09-08,500.0,500.0,500.0,500.0,6000,,
2020-09-09,500.0,500.0,500.0,500.0,0,,
2020-09-10,496.0,496.0,496.0,496.0,2500,,
2020-09-11,515.0,515.0,462.0,462.0,461100,515.0,
2020-09-14,482.0,482.0,452.0,464.0,120700,,452.0
2020-09-15,484.0,484.0,464.0,478.0,29700,,
2020-09-16,498.0,498.0,476.0,476.0,11200,498.0,
2020-09-17,496.0,496.0,488.0,488.0,1900,,
2020-09-18,505.0,505.0,480.0,480.0,1100,505.0,
2020-09-21,490.0,498.0,480.0,480.0,28600,,
2020-09-22,500.0,500.0,476.0,478.0,1400,500.0,
2020-09-23,496.0,496.0,450.0,478.0,4000,,450.0
2020-09-24,490.0,490.0,478.0,478.0,200,,
2020-09-25,494.0,494.0,470.0,470.0,2600,494.0,
2020-09-28,490.0,490.0,452.0,478.0,9600,,452.0
2020-09-29,498.0,498.0,454.0,454.0,2000,498.0,
2020-09-30,494.0,494.0,456.0,472.0,2600,,
2020-10-01,492.0,492.0,472.0,478.0,8600,,
2020-10-02,498.0,498.0,476.0,476.0,5300,498.0,
2020-10-05,490.0,490.0,480.0,480.0,2100,,
2020-10-06,480.0,480.0,480.0,480.0,9400,,
2020-10-07,492.0,492.0,484.0,484.0,5700,,
2020-10-08,492.0,492.0,470.0,480.0,18900,,
2020-10-09,492.0,492.0,462.0,478.0,4500,,462.0
2020-10-12,498.0,498.0,478.0,478.0,17900,,
2020-10-13,498.0,498.0,460.0,488.0,97600,,460.0
2020-10-14,505.0,505.0,466.0,482.0,49200,505.0,
2020-10-15,500.0,500.0,460.0,462.0,32000,,460.0
2020-10-16,482.0,482.0,478.0,480.0,6600,,
2020-10-19,500.0,500.0,460.0,480.0,11500,500.0,
2020-10-20,490.0,490.0,460.0,476.0,15000,,
2020-10-21,490.0,490.0,476.0,476.0,13800,,
2020-10-22,480.0,480.0,468.0,478.0,49300,,
2020-10-23,490.0,490.0,468.0,480.0,1900,,
2020-10-26,480.0,492.0,478.0,480.0,42300,,
2020-10-27,496.0,496.0,488.0,488.0,10500,496.0,
2020-11-02,480.0,486.0,470.0,480.0,10800,,470.0
2020-11-03,486.0,486.0,478.0,480.0,1700,,
2020-11-04,498.0,498.0,470.0,480.0,1300,498.0,
2020-11-05,486.0,486.0,456.0,484.0,97500,,
2020-11-06,498.0,498.0,452.0,482.0,340600,,452.0
2020-11-09,500.0,500.0,470.0,484.0,87700,,
2020-11-10,500.0,500.0,472.0,488.0,23600,,
2020-11-11,500.0,500.0,482.0,488.0,105200,,
2020-11-12,488.0,488.0,488.0,488.0,3800,,
2020-11-13,486.0,486.0,486.0,486.0,1100,,
2020-11-16,486.0,486.0,470.0,484.0,23100,,
2020-11-17,484.0,484.0,460.0,460.0,206700,,
2020-11-18,480.0,480.0,460.0,474.0,140000,,
2020-11-19,486.0,486.0,474.0,480.0,141300,,
2020-11-20,486.0,486.0,478.0,480.0,50500,,
2020-11-23,500.0,500.0,480.0,482.0,44300,500.0,
2020-11-24,488.0,488.0,484.0,488.0,237600,,
2020-11-25,490.0,490.0,476.0,488.0,119900,490.0,
2020-11-26,488.0,488.0,468.0,488.0,93200,,468.0
2020-11-27,488.0,488.0,472.0,484.0,33300,,
2020-11-30,484.0,484.0,484.0,484.0,23500,,
2020-12-01,484.0,484.0,470.0,482.0,7100,,470.0
2020-12-02,486.0,486.0,480.0,482.0,24000,486.0,
2020-12-03,482.0,482.0,472.0,482.0,7200,,
2020-12-04,482.0,482.0,470.0,480.0,11600,,
2020-12-07,480.0,480.0,450.0,450.0,301700,,
2020-12-08,470.0,480.0,440.0,440.0,332800,,
2020-12-10,462.0,474.0,440.0,440.0,732900,,
2020-12-11,460.0,466.0,430.0,430.0,719700,,
2020-12-14,440.0,460.0,430.0,430.0,2753600,,
2020-12-15,434.0,450.0,434.0,442.0,351600,,
2020-12-16,442.0,452.0,440.0,452.0,468100,,
2020-12-17,470.0,470.0,452.0,454.0,297300,,
2020-12-18,456.0,484.0,450.0,452.0,1314500,484.0,450.0
2020-12-21,470.0,482.0,456.0,482.0,200800,,
2020-12-22,482.0,530.0,482.0,530.0,1430100,,
2020-12-23,530.0,530.0,500.0,505.0,555400,,
2020-12-28,505.0,510.0,500.0,505.0,264700,,
2020-12-29,510.0,510.0,500.0,500.0,296200,,
2020-12-30,500.0,515.0,500.0,505.0,305300,,
2021-01-04,525.0,540.0,472.0,480.0,682200,540.0,472.0
2021-01-05,482.0,494.0,480.0,494.0,136700,,
2021-01-06,494.0,500.0,486.0,500.0,152700,,
2021-01-07,500.0,525.0,490.0,520.0,165700,,
2021-01-08,520.0,525.0,505.0,525.0,398600,,
2021-01-11,525.0,525.0,520.0,525.0,178300,,
2021-01-12,525.0,525.0,520.0,520.0,137200,,
2021-01-13,520.0,540.0,520.0,530.0,310800,540.0,
2021-01-14,530.0,530.0,520.0,525.0,40100,,
2021-01-15,525.0,530.0,520.0,525.0,82000,,
2021-01-18,545.0,545.0,520.0,530.0,38000,545.0,
2021-01-19,530.0,540.0,520.0,530.0,290700,,
2021-01-20,530.0,540.0,520.0,535.0,63000,,
2021-01-21,545.0,545.0,520.0,530.0,155200,545.0,
2021-01-22,530.0,530.0,520.0,525.0,212100,,
2021-01-25,525.0,525.0,520.0,520.0,112800,,
2021-01-26,520.0,530.0,520.0,530.0,139600,530.0,
2021-01-27,520.0,525.0,520.0,525.0,33300,,
2021-01-28,525.0,530.0,520.0,530.0,31300,,
2021-01-29,530.0,530.0,520.0,520.0,36400,,
2021-02-01,520.0,575.0,520.0,575.0,785000,,
2021-02-02,575.0,595.0,535.0,570.0,226500,595.0,
2021-02-03,570.0,580.0,560.0,570.0,13800,,
2021-02-04,570.0,570.0,560.0,570.0,24500,,
2021-02-05,575.0,605.0,570.0,605.0,236100,,
2021-02-08,605.0,715.0,605.0,680.0,290600,715.0,
2021-02-09,680.0,705.0,635.0,650.0,244500,,
2021-02-10,660.0,660.0,635.0,650.0,43200,,
2021-02-11,650.0,650.0,625.0,625.0,10000,,
2021-02-15,625.0,650.0,625.0,640.0,24100,,
2021-02-16,640.0,660.0,640.0,640.0,14800,,
2021-02-17,645.0,755.0,640.0,645.0,810800,755.0,
2021-02-18,695.0,700.0,650.0,680.0,261300,,
2021-02-19,730.0,730.0,645.0,650.0,151100,730.0,645.0
2021-02-22,695.0,695.0,655.0,670.0,62300,,
2021-02-23,720.0,720.0,645.0,665.0,48100,720.0,
2021-02-24,665.0,670.0,645.0,660.0,3136100,,
2021-02-25,660.0,790.0,660.0,720.0,2847700,790.0,
2021-02-26,750.0,765.0,670.0,735.0,2260500,,
2021-03-01,750.0,750.0,685.0,685.0,1397300,,
2021-03-02,700.0,700.0,640.0,685.0,1872500,,640.0
2021-03-03,700.0,855.0,670.0,855.0,9678300,,
2021-03-04,900.0,1065.0,875.0,1065.0,27965900,,
2021-03-05,1200.0,1250.0,995.0,995.0,32042800,1250.0,
2021-03-08,995.0,995.0,930.0,930.0,297900,,
2021-03-09,865.0,865.0,865.0,865.0,334600,,
2021-03-10,815.0,815.0,805.0,805.0,455000,,
2021-03-12,765.0,765.0,750.0,750.0,801500,,
2021-03-15,700.0,775.0,700.0,725.0,7694700,775.0,
2021-03-16,750.0,750.0,675.0,675.0,2089600,,
2021-03-17,680.0,680.0,630.0,630.0,1301300,,
2021-03-18,655.0,670.0,600.0,650.0,4450800,,600.0
2021-03-19,770.0,770.0,620.0,640.0,928600,770.0,
2021-03-22,640.0,655.0,600.0,635.0,1087300,,
2021-03-23,640.0,640.0,600.0,630.0,543800,,
2021-03-24,630.0,710.0,620.0,635.0,2416400,710.0,
2021-03-25,635.0,650.0,595.0,610.0,826600,,595.0
2021-03-26,660.0,660.0,605.0,620.0,401600,,
2021-03-29,670.0,670.0,615.0,620.0,139900,670.0,
2021-03-30,630.0,645.0,605.0,620.0,407800,,
2021-03-31,670.0,670.0,600.0,610.0,395900,670.0,
2021-04-01,610.0,620.0,600.0,600.0,305200,,
2021-04-05,600.0,640.0,600.0,630.0,831400,,
2021-04-06,645.0,645.0,610.0,610.0,147300,645.0,
2021-04-07,635.0,640.0,610.0,630.0,488500,,
2021-04-08,635.0,760.0,615.0,720.0,3158700,760.0,
2021-04-09,735.0,750.0,670.0,670.0,2437100,,
2021-04-12,670.0,680.0,625.0,630.0,766000,,
2021-04-13,650.0,650.0,595.0,620.0,682200,,595.0
2021-04-14,620.0,635.0,610.0,620.0,252400,,
2021-04-15,625.0,665.0,625.0,660.0,878200,,
2021-04-16,670.0,700.0,665.0,670.0,1151700,700.0,
2021-04-19,690.0,690.0,645.0,645.0,213000,,
2021-04-20,645.0,665.0,640.0,645.0,282000,,
2021-04-21,645.0,660.0,630.0,630.0,494000,,
2021-04-22,650.0,650.0,620.0,630.0,177400,,
2021-04-23,620.0,650.0,620.0,625.0,190900,,
2021-04-26,640.0,640.0,625.0,630.0,179000,,
2021-04-27,630.0,640.0,610.0,625.0,223200,,610.0
2021-04-28,620.0,625.0,615.0,620.0,120200,,
2021-04-29,620.0,640.0,600.0,635.0,354500,,600.0
2021-04-30,635.0,645.0,630.0,630.0,148400,,
2021-05-03,630.0,645.0,610.0,630.0,218900,,610.0
2021-05-04,615.0,655.0,615.0,630.0,484400,655.0,
2021-05-05,630.0,640.0,620.0,620.0,204300,,
2021-05-06,635.0,640.0,620.0,625.0,232500,,
2021-05-07,625.0,640.0,620.0,630.0,167700,,
2021-05-10,630.0,630.0,590.0,620.0,92800,,590.0
2021-05-11,620.0,630.0,620.0,625.0,73200,,
2021-05-17,620.0,625.0,590.0,590.0,358000,,
2021-05-18,590.0,605.0,550.0,585.0,333900,,
2021-05-19,585.0,600.0,545.0,550.0,414500,,
2021-05-20,590.0,590.0,540.0,540.0,195400,,
2021-05-21,570.0,570.0,540.0,550.0,179300,,
2021-05-24,550.0,565.0,545.0,550.0,102900,,
2021-05-25,555.0,565.0,550.0,565.0,237000,,
2021-05-27,565.0,590.0,555.0,590.0,342100,,
2021-05-28,590.0,615.0,560.0,585.0,309800,615.0,
2021-05-31,585.0,605.0,585.0,605.0,177400,,
2021-06-02,605.0,605.0,585.0,590.0,368700,,
2021-06-03,590.0,605.0,580.0,585.0,144700,,
2021-06-04,590.0,590.0,570.0,580.0,148800,,
2021-06-07,585.0,610.0,570.0,600.0,1267200,610.0,
2021-06-08,600.0,605.0,565.0,580.0,257300,,
2021-06-09,580.0,580.0,560.0,575.0,248000,,560.0
2021-06-10,575.0,615.0,565.0,585.0,532700,615.0,
2021-06-11,590.0,590.0,565.0,570.0,310500,,
2021-06-14,575.0,590.0,570.0,570.0,58100,,
2021-06-15,570.0,585.0,545.0,565.0,332700,,545.0
2021-06-16,565.0,565.0,555.0,555.0,95300,,
2021-06-17,555.0,555.0,535.0,540.0,297500,,
2021-06-18,545.0,545.0,505.0,530.0,343900,,
2021-06-21,530.0,550.0,505.0,545.0,112700,,
2021-06-22,550.0,560.0,535.0,550.0,223800,,
2021-06-23,600.0,600.0,545.0,545.0,90300,600.0,
2021-06-24,550.0,550.0,525.0,550.0,218500,,525.0
2021-06-25,550.0,560.0,550.0,555.0,79000,,
2021-06-28,555.0,575.0,550.0,560.0,213900,575.0,
2021-06-29,560.0,560.0,545.0,555.0,66500,,
2021-06-30,565.0,570.0,535.0,540.0,30200,,
2021-07-01,540.0,570.0,525.0,530.0,121300,,
2021-07-02,530.0,550.0,525.0,540.0,43600,,
2021-07-05,540.0,555.0,530.0,540.0,95200,555.0,
2021-07-06,545.0,550.0,530.0,540.0,86200,,
2021-07-07,540.0,555.0,525.0,550.0,214800,,525.0
2021-07-08,550.0,565.0,530.0,560.0,507700,,
2021-07-09,570.0,700.0,555.0,700.0,11393100,,
2021-07-12,745.0,875.0,745.0,875.0,17656300,,
2021-07-13,930.0,1090.0,820.0,1005.0,33086600,1090.0,
2021-07-14,1020.0,1020.0,935.0,935.0,910600,,
2021-07-15,870.0,870.0,870.0,870.0,209800,,
2021-07-16,810.0,865.0,810.0,815.0,9530400,,
2021-07-19,810.0,840.0,760.0,760.0,2317200,,
2021-07-21,760.0,760.0,710.0,710.0,2368300,,
2021-07-22,685.0,885.0,675.0,885.0,10333200,,675.0
2021-07-23,925.0,1105.0,925.0,1105.0,30118000,,
2021-07-26,1170.0,1250.0,1030.0,1060.0,25345700,1250.0,
2021-07-27,1060.0,1180.0,1060.0,1090.0,6129100,,
2021-07-28,1100.0,1115.0,1030.0,1030.0,4341500,,
2021-07-29,1030.0,1075.0,965.0,1000.0,2736400,,965.0
2021-07-30,1015.0,1170.0,1015.0,1075.0,7006500,1170.0,
2021-08-02,1090.0,1125.0,1020.0,1040.0,2731300,,
2021-08-03,1045.0,1145.0,1030.0,1085.0,4716600,1145.0,
2021-08-04,1090.0,1120.0,1045.0,1095.0,3743700,,
2021-08-05,1100.0,1365.0,1075.0,1175.0,24662000,1365.0,
2021-08-06,1200.0,1250.0,1110.0,1150.0,4578400,,
2021-08-09,1100.0,1340.0,1100.0,1235.0,13836400,1340.0,1100.0
2021-08-10,1250.0,1330.0,1155.0,1200.0,4703700,,
2021-08-12,1200.0,1215.0,1120.0,1120.0,2614000,,
2021-08-13,1105.0,1115.0,1045.0,1045.0,1069300,,
2021-08-16,1045.0,1260.0,975.0,1200.0,9756400,,975.0
2021-08-18,1205.0,1320.0,1120.0,1235.0,7431800,1320.0,
2021-08-19,1245.0,1270.0,1150.0,1160.0,3353900,,
2021-08-20,1160.0,1255.0,1100.0,1180.0,2148800,,1100.0
2021-08-23,1185.0,1230.0,1165.0,1210.0,1731300,,
2021-08-24,1200.0,1235.0,1165.0,1185.0,1257900,1235.0,
2021-08-25,1185.0,1195.0,1155.0,1160.0,612200,,
2021-08-26,1160.0,1190.0,1120.0,1120.0,685100,,
2021-08-27,1120.0,1175.0,1110.0,1110.0,781900,,
2021-08-30,1110.0,1140.0,1085.0,1095.0,641600,,
2021-08-31,1100.0,1125.0,1075.0,1075.0,665300,,
2021-09-01,1050.0,1105.0,1020.0,1045.0,710800,,
2021-09-02,1045.0,1105.0,1010.0,1045.0,922300,,
2021-09-03,1045.0,1045.0,1005.0,1010.0,865500,,1005.0
2021-09-06,1010.0,1085.0,1010.0,1015.0,977000,,
2021-09-07,1015.0,1170.0,1010.0,1110.0,2090400,1170.0,
2021-09-08,1115.0,1140.0,1035.0,1060.0,827000,,
2021-09-09,1060.0,1060.0,990.0,995.0,6414700,,990.0
2021-09-10,995.0,1045.0,995.0,1010.0,600700,,
2021-09-13,1010.0,1050.0,1000.0,1005.0,619200,1050.0,
2021-09-14,1005.0,1030.0,1005.0,1015.0,384900,,
2021-09-15,1015.0,1050.0,1010.0,1010.0,679500,1050.0,
2021-09-16,1025.0,1035.0,1000.0,1035.0,745800,,1000.0
2021-09-17,1035.0,1045.0,1010.0,1010.0,421900,1045.0,
2021-09-20,1010.0,1035.0,1005.0,1015.0,483900,,
2021-09-21,1015.0,1015.0,1000.0,1000.0,443000,,
2021-09-22,1000.0,1030.0,1000.0,1010.0,382600,,
2021-09-23,1040.0,1055.0,1010.0,1015.0,777000,1055.0,
2021-09-24,1015.0,1035.0,1010.0,1015.0,596600,,
2021-09-27,1010.0,1015.0,995.0,995.0,586200,,
2021-09-28,995.0,1000.0,960.0,960.0,1533200,,
2021-09-29,940.0,950.0,895.0,910.0,692300,,
2021-09-30,925.0,940.0,890.0,900.0,586100,,
2021-10-01,900.0,900.0,880.0,885.0,808700,,
2021-10-04,885.0,895.0,875.0,885.0,148200,,
2021-10-05,880.0,885.0,840.0,850.0,271500,,
2021-10-06,850.0,850.0,800.0,835.0,438200,,800.0
2021-10-07,840.0,920.0,840.0,870.0,400600,920.0,
2021-10-08,875.0,905.0,875.0,880.0,239500,,
2021-10-11,880.0,905.0,880.0,890.0,251900,,
2021-10-12,895.0,895.0,850.0,860.0,85400,,
2021-10-13,860.0,870.0,830.0,840.0,229300,,
2021-10-14,840.0,880.0,820.0,860.0,147000,,820.0
2021-10-15,860.0,895.0,830.0,855.0,78000,,
2021-10-18,855.0,950.0,850.0,880.0,798000,950.0,
2021-10-19,880.0,880.0,850.0,870.0,212900,,
2021-10-21,870.0,900.0,865.0,870.0,146300,,
2021-10-22,870.0,900.0,860.0,860.0,133600,,
2021-10-25,870.0,885.0,860.0,865.0,40100,,
2021-10-26,865.0,885.0,860.0,880.0,100100,,
2021-10-27,880.0,880.0,860.0,860.0,71900,,
2021-10-28,860.0,870.0,850.0,865.0,31500,,850.0
2021-10-29,865.0,900.0,860.0,885.0,203400,900.0,
2021-11-01,885.0,895.0,875.0,890.0,109100,,
2021-11-02,900.0,925.0,865.0,865.0,271200,925.0,
2021-11-03,865.0,880.0,835.0,845.0,269300,,835.0
2021-11-04,855.0,865.0,845.0,845.0,67100,,
2021-11-05,845.0,850.0,835.0,850.0,120200,,835.0
2021-11-08,850.0,945.0,850.0,915.0,1064700,945.0,
2021-11-09,925.0,935.0,900.0,900.0,522400,,
2021-11-10,900.0,905.0,880.0,890.0,346800,,880.0
2021-11-11,890.0,1110.0,890.0,1095.0,2366200,,
2021-11-12,1120.0,1145.0,1020.0,1020.0,3261000,1145.0,
2021-11-15,1030.0,1030.0,965.0,980.0,678600,,965.0
2021-11-16,980.0,1010.0,980.0,995.0,294800,,
2021-11-17,995.0,1080.0,995.0,1010.0,1290000,1080.0,
2021-11-18,1015.0,1035.0,985.0,985.0,2632900,,
2021-11-19,985.0,1015.0,985.0,985.0,276900,,
2021-11-22,995.0,1010.0,980.0,985.0,256500,,
2021-11-23,985.0,1000.0,930.0,960.0,232700,,
2021-11-24,960.0,975.0,930.0,940.0,145600,,
2021-11-25,940.0,970.0,940.0,955.0,217800,,
2021-11-26,960.0,1020.0,955.0,970.0,966600,1020.0,
2021-11-29,970.0,970.0,925.0,935.0,264800,,
2021-11-30,940.0,970.0,915.0,920.0,268800,,915.0
2021-12-01,940.0,965.0,920.0,930.0,152100,,
2021-12-02,930.0,930.0,895.0,895.0,107400,,
2021-12-03,920.0,920.0,890.0,895.0,125600,,
2021-12-06,895.0,920.0,885.0,900.0,46800,,885.0
2021-12-07,910.0,965.0,900.0,905.0,467300,965.0,
2021-12-08,905.0,950.0,905.0,935.0,618100,,
2021-12-09,935.0,960.0,910.0,915.0,223700,,
2021-12-10,915.0,1025.0,915.0,950.0,854000,,
2021-12-13,975.0,1060.0,955.0,1040.0,2289200,,
2021-12-14,1045.0,1075.0,970.0,970.0,1586800,1075.0,
2021-12-15,980.0,995.0,965.0,975.0,493700,,
2021-12-16,975.0,1005.0,940.0,950.0,249700,1005.0,
2021-12-17,930.0,960.0,920.0,930.0,407100,,
2021-12-20,930.0,930.0,915.0,920.0,127200,,
2021-12-21,915.0,930.0,900.0,910.0,405200,,
2021-12-22,905.0,910.0,900.0,900.0,51500,,
2021-12-23,900.0,900.0,850.0,860.0,288200,,
2021-12-24,860.0,860.0,830.0,860.0,206800,,830.0
2021-12-27,860.0,875.0,835.0,870.0,355800,,
2021-12-28,885.0,885.0,870.0,870.0,76500,885.0,
2021-12-29,870.0,870.0,850.0,850.0,5188100,,
2021-12-30,840.0,875.0,840.0,875.0,204600,,840.0
2022-01-03,875.0,910.0,870.0,895.0,265700,910.0,
2022-01-04,895.0,895.0,885.0,885.0,100100,,
2022-01-05,885.0,915.0,885.0,905.0,250100,,
2022-01-06,910.0,920.0,870.0,885.0,183000,920.0,
2022-01-07,885.0,885.0,850.0,870.0,92400,,850.0
2022-01-10,870.0,900.0,870.0,870.0,76600,900.0,
2022-01-11,875.0,890.0,850.0,860.0,97100,,
2022-01-12,860.0,870.0,830.0,850.0,240100,,830.0
2022-01-13,835.0,850.0,835.0,840.0,78900,,
2022-01-14,840.0,840.0,830.0,835.0,96800,,830.0
2022-01-17,840.0,865.0,835.0,835.0,69700,865.0,
2022-01-18,835.0,835.0,780.0,780.0,378700,,
2022-01-19,780.0,780.0,730.0,735.0,374100,,
2022-01-20,730.0,735.0,715.0,720.0,269900,,
2022-01-21,720.0,730.0,690.0,700.0,371300,,
2022-01-24,705.0,705.0,685.0,690.0,235800,,
2022-01-25,670.0,740.0,645.0,645.0,401900,740.0,
2022-01-26,675.0,710.0,645.0,680.0,103600,,
2022-01-27,690.0,705.0,650.0,665.0,97600,,
2022-01-28,665.0,700.0,665.0,700.0,205200,,
2022-01-31,700.0,710.0,680.0,680.0,251300,710.0,
2022-02-02,680.0,690.0,670.0,670.0,482600,,
2022-02-03,675.0,675.0,665.0,670.0,198700,,665.0
2022-02-04,670.0,700.0,670.0,670.0,99000,,
2022-02-07,670.0,700.0,670.0,670.0,482700,,
2022-02-08,670.0,700.0,670.0,680.0,310600,,
2022-02-09,680.0,755.0,680.0,695.0,387900,755.0,
2022-02-10,700.0,705.0,680.0,680.0,274800,,
2022-02-11,680.0,695.0,675.0,675.0,158900,,
2022-02-14,675.0,700.0,670.0,670.0,177500,700.0,
2022-02-15,670.0,685.0,665.0,680.0,33000,,
2022-02-16,675.0,680.0,660.0,665.0,507000,,
2022-02-17,665.0,685.0,660.0,660.0,235800,685.0,
2022-02-18,660.0,670.0,655.0,660.0,347900,,655.0
2022-02-21,665.0,680.0,665.0,670.0,123100,,
2022-02-22,680.0,680.0,665.0,675.0,140300,,
2022-02-23,675.0,675.0,650.0,675.0,433800,,
2022-02-24,675.0,675.0,650.0,660.0,229900,,
2022-02-25,660.0,670.0,650.0,665.0,56000,,
2022-03-01,665.0,665.0,650.0,665.0,67900,,
2022-03-02,665.0,675.0,655.0,655.0,57000,,
2022-03-04,665.0,755.0,630.0,630.0,2091100,755.0,
2022-03-07,630.0,635.0,605.0,605.0,389900,,
2022-03-08,605.0,635.0,600.0,600.0,298600,,
2022-03-09,600.0,625.0,585.0,585.0,391500,,
2022-03-10,590.0,615.0,585.0,600.0,175200,,
2022-03-11,600.0,640.0,600.0,630.0,565200,,
2022-03-14,635.0,715.0,635.0,655.0,789500,715.0,
2022-03-15,680.0,680.0,620.0,635.0,249400,,620.0
2022-03-16,655.0,660.0,635.0,640.0,166800,,
2022-03-17,660.0,670.0,640.0,670.0,404700,,
2022-03-18,685.0,720.0,650.0,660.0,884000,720.0,
2022-03-21,660.0,670.0,645.0,660.0,260100,,645.0
2022-03-22,660.0,670.0,650.0,655.0,57300,,
2022-03-23,655.0,665.0,630.0,640.0,307700,,
2022-03-24,645.0,655.0,630.0,640.0,154100,,
2022-03-25,640.0,650.0,640.0,640.0,155500,,
2022-03-28,640.0,650.0,620.0,640.0,36900,,620.0
2022-03-29,640.0,655.0,640.0,650.0,48600,,
2022-03-30,650.0,655.0,640.0,650.0,112900,,
2022-03-31,655.0,665.0,650.0,660.0,137900,665.0,
2022-04-01,660.0,660.0,640.0,645.0,269200,,
2022-04-04,645.0,650.0,640.0,640.0,67200,,
2022-04-05,645.0,645.0,615.0,640.0,100600,,615.0
2022-04-06,640.0,645.0,620.0,625.0,141900,,
2022-04-07,635.0,635.0,625.0,625.0,73700,,
2022-04-08,625.0,625.0,615.0,620.0,101800,,
2022-04-11,620.0,620.0,610.0,615.0,84500,,610.0
2022-04-12,615.0,645.0,615.0,630.0,98800,645.0,
2022-04-13,630.0,635.0,630.0,630.0,69300,,
2022-04-14,630.0,635.0,610.0,630.0,56800,,610.0
2022-04-18,625.0,625.0,615.0,615.0,70200,,
2022-04-19,620.0,630.0,605.0,610.0,146400,630.0,
2022-04-20,610.0,615.0,600.0,605.0,83200,,600.0
2022-04-21,610.0,620.0,610.0,615.0,81100,,
2022-04-22,620.0,620.0,615.0,615.0,75700,,
2022-04-25,620.0,625.0,600.0,620.0,96700,,600.0
2022-04-26,620.0,630.0,605.0,630.0,78600,,
2022-04-27,635.0,640.0,615.0,630.0,39800,640.0,
2022-04-28,615.0,630.0,615.0,625.0,24000,,
2022-05-09,625.0,630.0,625.0,625.0,21900,,
2022-05-10,620.0,620.0,610.0,610.0,88800,,
2022-05-11,610.0,635.0,610.0,620.0,11500,635.0,
2022-05-12,610.0,630.0,590.0,590.0,354700,,
2022-05-13,590.0,610.0,590.0,595.0,45100,,
2022-05-17,590.0,600.0,580.0,590.0,66000,,580.0
2022-05-18,590.0,610.0,585.0,590.0,48200,610.0,
2022-05-19,595.0,595.0,590.0,590.0,12600,,
2022-05-20,590.0,600.0,590.0,590.0,153700,600.0,
2022-05-23,590.0,595.0,580.0,585.0,13400,,580.0
2022-05-24,590.0,595.0,585.0,590.0,12700,,
2022-05-25,595.0,600.0,590.0,595.0,22100,,
2022-05-27,600.0,600.0,565.0,580.0,184800,,565.0
2022-05-30,580.0,600.0,580.0,590.0,45700,,
2022-05-31,590.0,595.0,585.0,595.0,22600,,
2022-06-02,590.0,600.0,590.0,590.0,38500,600.0,
2022-06-03,590.0,595.0,590.0,595.0,23800,,
2022-06-06,590.0,600.0,590.0,595.0,47000,,
2022-06-07,590.0,605.0,590.0,595.0,129400,,
2022-06-08,595.0,605.0,595.0,600.0,95800,,
2022-06-09,600.0,610.0,600.0,605.0,54500,,
2022-06-10,615.0,615.0,595.0,595.0,33800,,
2022-06-13,595.0,620.0,580.0,595.0,94500,620.0,580.0
2022-06-14,595.0,600.0,590.0,600.0,25900,,
2022-06-15,605.0,605.0,590.0,595.0,30400,605.0,
2022-06-16,595.0,595.0,590.0,595.0,28900,,
2022-06-17,590.0,595.0,555.0,580.0,171800,,555.0
2022-06-20,580.0,595.0,570.0,580.0,18500,,
2022-06-21,580.0,595.0,580.0,595.0,137200,,
2022-06-22,595.0,595.0,580.0,580.0,111200,,
2022-06-23,590.0,590.0,575.0,575.0,63200,,
2022-06-24,575.0,600.0,575.0,580.0,30200,600.0,
2022-06-27,580.0,580.0,575.0,575.0,72300,,
2022-06-28,575.0,585.0,565.0,565.0,39300,585.0,
2022-06-29,570.0,580.0,550.0,570.0,238700,,550.0
2022-06-30,565.0,570.0,565.0,570.0,21300,,
2022-07-01,570.0,585.0,555.0,570.0,432300,585.0,
2022-07-04,575.0,575.0,555.0,560.0,258600,,
2022-07-05,570.0,575.0,560.0,575.0,388400,,
2022-07-06,575.0,575.0,560.0,570.0,26300,,
2022-07-07,615.0,615.0,570.0,585.0,87500,615.0,
2022-07-08,585.0,585.0,560.0,575.0,20600,,560.0
2022-07-11,575.0,590.0,575.0,580.0,18300,,
2022-07-12,575.0,600.0,575.0,580.0,19700,600.0,
2022-07-13,580.0,595.0,580.0,580.0,14800,,
2022-07-14,580.0,590.0,580.0,585.0,15800,,
2022-07-15,585.0,585.0,585.0,585.0,7700,,
2022-07-18,585.0,590.0,580.0,580.0,6400,,
2022-07-19,580.0,595.0,580.0,580.0,15700,,
2022-07-20,595.0,595.0,580.0,580.0,26100,,
2022-07-21,580.0,590.0,580.0,580.0,61100,,
2022-07-22,585.0,585.0,580.0,580.0,5400,,
2022-07-25,580.0,600.0,570.0,580.0,64900,600.0,570.0
2022-07-26,590.0,590.0,580.0,580.0,35300,,
2022-07-27,580.0,590.0,580.0,590.0,7700,,
2022-07-28,585.0,595.0,580.0,585.0,57400,595.0,
2022-07-29,590.0,590.0,580.0,585.0,7100,,
2022-08-01,585.0,595.0,585.0,585.0,11400,595.0,
2022-08-02,585.0,590.0,565.0,590.0,340600,,565.0
2022-08-03,590.0,590.0,585.0,590.0,43000,,
2022-08-04,585.0,585.0,580.0,580.0,65500,,
2022-08-05,590.0,590.0,580.0,580.0,118500,,
2022-08-08,585.0,590.0,585.0,590.0,12400,,
2022-08-09,590.0,590.0,580.0,585.0,81700,,
2022-08-10,585.0,585.0,575.0,585.0,46700,,575.0
2022-08-11,585.0,600.0,585.0,595.0,259500,,
2022-08-12,595.0,600.0,570.0,600.0,1881200,,570.0
2022-08-15,605.0,630.0,585.0,600.0,406400,630.0,
2022-08-16,600.0,610.0,585.0,605.0,5310100,,
2022-08-18,605.0,620.0,605.0,605.0,91000,620.0,
2022-08-19,605.0,610.0,595.0,605.0,31200,,
2022-08-22,600.0,605.0,595.0,605.0,251100,,
2022-08-23,605.0,615.0,600.0,615.0,159600,,
2022-08-24,600.0,620.0,600.0,620.0,293200,,
2022-08-25,625.0,625.0,615.0,620.0,30600,625.0,
2022-08-26,620.0,620.0,590.0,605.0,66500,,590.0
2022-08-29,600.0,605.0,600.0,605.0,59800,,
2022-08-30,605.0,610.0,590.0,590.0,35000,610.0,
2022-08-31,590.0,600.0,570.0,595.0,146100,,570.0
2022-09-01,590.0,595.0,590.0,590.0,13300,,
2022-09-02,590.0,600.0,590.0,590.0,62500,,
2022-09-05,600.0,605.0,595.0,600.0,310100,,
2022-09-06,605.0,615.0,600.0,600.0,81800,,
2022-09-07,600.0,615.0,600.0,600.0,16800,,
2022-09-08,600.0,600.0,590.0,600.0,22200,,590.0
2022-09-09,600.0,615.0,600.0,600.0,197900,615.0,
2022-09-12,610.0,610.0,575.0,595.0,460100,,575.0
2022-09-13,595.0,595.0,580.0,590.0,55500,,
2022-09-14,590.0,590.0,580.0,590.0,75500,,
2022-09-15,590.0,600.0,590.0,595.0,358800,,
2022-09-16,595.0,600.0,595.0,600.0,615700,,
2022-09-19,600.0,600.0,580.0,585.0,268300,,580.0
2022-09-20,585.0,595.0,585.0,585.0,22300,,
2022-09-21,595.0,630.0,595.0,600.0,699600,,
2022-09-22,600.0,630.0,600.0,620.0,849400,,
2022-09-23,625.0,635.0,625.0,625.0,315200,,
2022-09-26,630.0,765.0,630.0,650.0,2788800,765.0,
2022-09-27,650.0,695.0,625.0,625.0,519200,,
2022-09-28,630.0,650.0,625.0,635.0,116700,,
2022-09-29,630.0,640.0,625.0,625.0,394100,,
2022-09-30,625.0,650.0,625.0,635.0,302800,650.0,
2022-10-03,635.0,640.0,625.0,630.0,127800,,
2022-10-04,630.0,655.0,625.0,630.0,30200,655.0,
2022-10-05,630.0,645.0,625.0,630.0,20600,,
2022-10-06,625.0,635.0,625.0,625.0,58100,,
2022-10-07,640.0,665.0,625.0,625.0,157400,665.0,
2022-10-10,625.0,650.0,625.0,630.0,24200,,
2022-10-11,630.0,630.0,600.0,610.0,213100,,600.0
2022-10-12,610.0,625.0,605.0,620.0,33700,,
2022-10-13,625.0,640.0,605.0,630.0,31200,640.0,
2022-10-14,620.0,630.0,600.0,605.0,137500,,
2022-10-17,600.0,630.0,595.0,610.0,108900,,595.0
2022-10-18,605.0,630.0,605.0,620.0,559400,,
2022-10-19,630.0,630.0,620.0,620.0,79100,,
2022-10-20,620.0,630.0,620.0,625.0,8319500,,
2022-10-21,625.0,630.0,620.0,620.0,39200,,
2022-10-24,610.0,630.0,610.0,630.0,70800,,610.0
2022-10-25,630.0,630.0,625.0,625.0,59300,,
2022-10-26,625.0,630.0,620.0,620.0,20700,,
2022-10-27,620.0,630.0,620.0,620.0,95100,,
2022-10-28,620.0,630.0,620.0,625.0,20500,,
2022-10-31,625.0,650.0,620.0,630.0,96300,650.0,
2022-11-01,630.0,630.0,620.0,630.0,53500,,
2022-11-02,630.0,630.0,625.0,630.0,15900,,
2022-11-03,630.0,650.0,620.0,635.0,415500,,620.0
2022-11-04,650.0,750.0,650.0,650.0,587000,750.0,
2022-11-07,660.0,675.0,650.0,655.0,473300,,
2022-11-08,650.0,675.0,650.0,660.0,195800,,
2022-11-09,670.0,670.0,660.0,660.0,131100,,
2022-11-10,665.0,675.0,655.0,665.0,22400,,655.0
2022-11-11,665.0,680.0,665.0,665.0,15000,,
2022-11-14,665.0,680.0,650.0,670.0,117100,,650.0
2022-11-15,680.0,680.0,655.0,655.0,89900,,
2022-11-16,655.0,670.0,650.0,670.0,522200,,650.0
2022-11-17,670.0,690.0,670.0,685.0,129200,,
2022-11-18,685.0,800.0,680.0,800.0,1191800,,
2022-11-21,810.0,900.0,800.0,865.0,813100,900.0,
2022-11-22,890.0,890.0,850.0,860.0,305800,,
2022-11-23,850.0,885.0,840.0,885.0,864400,,840.0
2022-11-24,880.0,885.0,850.0,850.0,71100,,
2022-11-25,850.0,855.0,850.0,850.0,142900,,
2022-11-28,865.0,875.0,850.0,860.0,40900,875.0,
2022-11-29,850.0,860.0,850.0,855.0,181700,,
2022-11-30,855.0,865.0,850.0,850.0,56200,,
2022-12-01,850.0,870.0,850.0,855.0,113300,870.0,
2022-12-02,860.0,860.0,850.0,850.0,792100,,
2022-12-05,850.0,860.0,850.0,860.0,138700,,
2022-12-06,855.0,860.0,850.0,855.0,142700,,
2022-12-07,860.0,860.0,850.0,850.0,155300,,
2022-12-08,850.0,855.0,850.0,855.0,46700,,
2022-12-09,860.0,870.0,850.0,870.0,58100,,
2022-12-12,880.0,895.0,860.0,860.0,118800,895.0,
2022-12-13,860.0,880.0,860.0,875.0,11400,,
2022-12-14,875.0,875.0,850.0,850.0,240000,,
2022-12-15,850.0,860.0,800.0,800.0,950900,,
2022-12-16,805.0,865.0,800.0,860.0,135300,,
2022-12-19,840.0,865.0,840.0,840.0,241500,,
2022-12-20,840.0,865.0,840.0,865.0,5300,,
2022-12-21,865.0,875.0,840.0,850.0,581700,,
2022-12-22,900.0,900.0,840.0,840.0,88200,900.0,
2022-12-23,840.0,860.0,840.0,855.0,33700,,
2022-12-26,855.0,865.0,850.0,855.0,4100,865.0,
2022-12-27,840.0,850.0,840.0,840.0,55900,,
2022-12-28,840.0,865.0,840.0,840.0,96600,865.0,
2022-12-29,840.0,850.0,840.0,850.0,402200,,
2022-12-30,855.0,870.0,855.0,845.0,6200,,
2023-01-02,850.0,880.0,850.0,850.0,15500,880.0,
2023-01-03,850.0,870.0,850.0,855.0,9700,,
2023-01-04,855.0,855.0,850.0,850.0,45600,,
2023-01-05,850.0,855.0,850.0,850.0,35100,,
2023-01-06,850.0,865.0,850.0,865.0,34500,865.0,
2023-01-09,860.0,860.0,850.0,855.0,34800,,
2023-01-10,855.0,865.0,850.0,850.0,15700,,
2023-01-11,850.0,865.0,800.0,860.0,720000,,800.0
2023-01-12,860.0,860.0,850.0,850.0,33500,,
2023-01-13,850.0,850.0,850.0,850.0,65400,,
2023-01-16,850.0,860.0,850.0,850.0,8800,860.0,
2023-01-17,850.0,855.0,850.0,855.0,4600,,
2023-01-18,850.0,860.0,850.0,850.0,5500,,
2023-01-19,850.0,870.0,850.0,870.0,13700,,
2023-01-20,850.0,870.0,820.0,850.0,8400,,820.0
2023-01-24,855.0,860.0,850.0,855.0,19100,,
2023-01-25,850.0,850.0,815.0,850.0,122200,,815.0
2023-01-26,850.0,850.0,850.0,850.0,40800,,
2023-01-27,850.0,880.0,850.0,875.0,32500,,
2023-01-30,875.0,885.0,850.0,850.0,35000,885.0,
2023-01-31,850.0,870.0,850.0,850.0,10400,,
2023-02-01,850.0,850.0,850.0,850.0,24500,,
2023-02-02,850.0,870.0,850.0,850.0,31900,870.0,
2023-02-03,850.0,860.0,850.0,860.0,11900,,
2023-02-06,860.0,860.0,850.0,850.0,26400,,
2023-02-07,850.0,850.0,850.0,850.0,5800,,
2023-02-08,850.0,855.0,850.0,850.0,10900,,
2023-02-09,890.0,890.0,850.0,860.0,289000,,
2023-02-10,855.0,900.0,845.0,885.0,161000,900.0,845.0
2023-02-13,885.0,885.0,860.0,885.0,78800,,
2023-02-14,860.0,885.0,860.0,880.0,10600,,
2023-02-15,880.0,880.0,860.0,865.0,12000,,
2023-02-16,870.0,905.0,865.0,900.0,156400,905.0,
2023-02-17,900.0,900.0,870.0,890.0,100200,,
2023-02-20,890.0,890.0,875.0,875.0,60200,,
2023-02-21,900.0,900.0,875.0,895.0,16200,900.0,
2023-02-22,895.0,895.0,880.0,895.0,26900,,
2023-02-23,895.0,900.0,875.0,895.0,34000,900.0,
2023-02-24,880.0,895.0,865.0,895.0,13900,,865.0
2023-02-27,900.0,900.0,890.0,895.0,1436600,900.0,
2023-02-28,875.0,895.0,875.0,895.0,400,,
2023-03-01,895.0,895.0,870.0,870.0,2700,,
2023-03-02,870.0,870.0,865.0,865.0,3800,,
2023-03-03,865.0,895.0,850.0,890.0,126400,895.0,850.0
2023-03-06,890.0,890.0,865.0,885.0,2000,,
2023-03-07,880.0,890.0,850.0,890.0,251400,,
2023-03-08,885.0,890.0,850.0,890.0,63200,,
2023-03-09,885.0,885.0,850.0,885.0,2800,,
2023-03-10,885.0,890.0,850.0,890.0,57100,,
2023-03-13,890.0,890.0,850.0,890.0,38000,,
2023-03-14,860.0,880.0,850.0,875.0,65100,,
2023-03-15,855.0,890.0,850.0,890.0,159900,,
2023-03-16,880.0,890.0,855.0,890.0,324400,,
2023-03-17,890.0,895.0,885.0,890.0,261700,895.0,
2023-03-20,890.0,890.0,880.0,890.0,33100,,
2023-03-21,880.0,890.0,855.0,890.0,28400,,855.0
2023-03-24,885.0,890.0,870.0,890.0,2700,,
2023-03-27,870.0,890.0,870.0,890.0,4200,,
2023-03-28,885.0,890.0,855.0,890.0,63000,,855.0
2023-03-29,880.0,890.0,870.0,890.0,7900,,
2023-03-30,890.0,890.0,870.0,890.0,77800,,
2023-03-31,890.0,890.0,870.0,890.0,14300,,
2023-04-03,890.0,890.0,875.0,890.0,107400,,
2023-04-04,890.0,890.0,870.0,890.0,117400,,870.0
2023-04-05,890.0,895.0,875.0,890.0,167100,895.0,
2023-04-06,875.0,890.0,840.0,880.0,445000,,840.0
2023-04-10,885.0,885.0,865.0,880.0,18000,,
2023-04-11,870.0,880.0,865.0,880.0,4000,,
2023-04-12,880.0,880.0,870.0,880.0,4900,,
2023-04-13,880.0,880.0,855.0,880.0,11500,,855.0
2023-04-14,875.0,890.0,865.0,890.0,516600,,
2023-04-17,890.0,890.0,880.0,890.0,4300,,
2023-04-18,885.0,890.0,870.0,890.0,14800,,870.0
2023-04-26,880.0,890.0,875.0,890.0,39000,,
2023-04-27,885.0,890.0,870.0,890.0,4800,,
2023-04-28,890.0,890.0,870.0,890.0,12400,,
2023-05-02,890.0,895.0,875.0,890.0,4000,,
2023-05-03,890.0,895.0,875.0,890.0,3300,,
2023-05-04,890.0,890.0,870.0,890.0,7000,,870.0
2023-05-05,885.0,895.0,875.0,895.0,20600,,
2023-05-08,900.0,900.0,875.0,890.0,4600,900.0,
2023-05-09,880.0,890.0,880.0,890.0,5400,,
2023-05-10,880.0,890.0,870.0,890.0,76100,,870.0
2023-05-11,890.0,890.0,880.0,890.0,36400,,
2023-05-12,875.0,890.0,875.0,890.0,8000,,
2023-05-15,875.0,890.0,875.0,890.0,7100,,
2023-05-16,890.0,890.0,870.0,890.0,3100,,870.0
2023-05-17,890.0,890.0,875.0,890.0,400,,
2023-05-19,885.0,890.0,875.0,890.0,11600,,
2023-05-22,890.0,890.0,875.0,890.0,12400,,
2023-05-23,890.0,900.0,875.0,890.0,9800,900.0,
2023-05-24,880.0,890.0,875.0,890.0,53700,,
2023-05-25,875.0,890.0,875.0,890.0,4000,,
2023-05-26,870.0,890.0,855.0,890.0,29400,,855.0
2023-05-29,875.0,890.0,870.0,890.0,15300,,
2023-05-30,870.0,890.0,870.0,890.0,4400,,
2023-05-31,875.0,890.0,875.0,890.0,27300,,
2023-06-05,890.0,890.0,875.0,890.0,9400,,
2023-06-06,875.0,890.0,875.0,890.0,11800,,
2023-06-07,890.0,890.0,875.0,890.0,3800,,
2023-06-08,875.0,890.0,875.0,890.0,5700,,
2023-06-09,885.0,890.0,870.0,890.0,29900,,870.0
2023-06-12,880.0,890.0,880.0,890.0,6300,,
2023-06-13,885.0,890.0,875.0,890.0,3800,,875.0
2023-06-14,890.0,890.0,890.0,890.0,600,,
2023-06-15,890.0,890.0,875.0,890.0,3400,,
2023-06-16,875.0,890.0,875.0,890.0,1500,,
2023-06-19,875.0,890.0,875.0,890.0,6900,,
2023-06-20,880.0,890.0,875.0,890.0,17200,,
2023-06-21,875.0,890.0,875.0,890.0,24000,,
2023-06-22,875.0,890.0,875.0,890.0,5700,,
2023-06-23,875.0,890.0,875.0,890.0,139400,,
2023-06-26,890.0,890.0,875.0,890.0,22000,,
2023-06-27,885.0,890.0,875.0,890.0,15200,,
2023-07-03,875.0,890.0,870.0,890.0,23600,,870.0
2023-07-04,890.0,890.0,875.0,890.0,16900,,
2023-07-05,875.0,890.0,855.0,890.0,35600,,855.0
2023-07-06,880.0,890.0,875.0,890.0,8400,,
2023-07-07,890.0,890.0,875.0,890.0,14300,,
2023-07-10,880.0,890.0,880.0,890.0,26600,,
2023-07-11,875.0,890.0,875.0,890.0,20200,,
2023-07-12,885.0,890.0,875.0,890.0,31600,,
2023-07-13,885.0,1050.0,875.0,890.0,122300,1050.0,
2023-07-14,900.0,900.0,860.0,890.0,87100,,860.0
2023-07-17,875.0,890.0,875.0,890.0,4600,,
2023-07-18,890.0,895.0,870.0,885.0,14600,895.0,870.0
2023-07-20,875.0,890.0,875.0,890.0,11500,,
2023-07-21,890.0,890.0,875.0,885.0,4300,,
2023-07-24,890.0,890.0,875.0,890.0,10000,,
2023-07-25,885.0,890.0,875.0,890.0,4800,,
2023-07-26,885.0,900.0,875.0,875.0,20100,900.0,
2023-07-27,885.0,885.0,875.0,880.0,2000,,
2023-07-28,875.0,885.0,875.0,885.0,1500,,
2023-07-31,880.0,880.0,875.0,875.0,2900,,
2023-08-01,875.0,875.0,845.0,855.0,6200,,845.0
2023-08-02,855.0,875.0,855.0,875.0,2900,,
2023-08-03,880.0,880.0,870.0,870.0,200,880.0,
2023-08-04,870.0,870.0,870.0,870.0,1200,,
2023-08-07,870.0,870.0,870.0,870.0,1300,,
2023-08-08,870.0,880.0,870.0,870.0,7400,880.0,
2023-08-09,855.0,875.0,850.0,875.0,3100,,850.0
2023-08-10,865.0,875.0,855.0,865.0,4400,,
2023-08-11,865.0,865.0,855.0,865.0,27200,,
2023-08-14,865.0,865.0,850.0,850.0,1200,,
2023-08-15,850.0,865.0,850.0,865.0,1200,,
2023-08-16,865.0,865.0,860.0,860.0,4100,,
2023-08-18,860.0,860.0,850.0,850.0,2400,,
2023-08-21,850.0,890.0,840.0,885.0,63600,,840.0
2023-08-22,885.0,890.0,845.0,890.0,53300,,
2023-08-23,850.0,855.0,840.0,840.0,130500,,
2023-08-24,845.0,890.0,805.0,890.0,165100,,805.0
2023-08-25,885.0,890.0,825.0,830.0,112800,,
2023-08-28,850.0,890.0,800.0,890.0,263800,,
2023-08-29,890.0,890.0,800.0,890.0,1318000,,
2023-08-30,890.0,890.0,815.0,890.0,946200,,
2023-08-31,865.0,890.0,815.0,890.0,1344300,,
2023-09-01,865.0,890.0,835.0,890.0,629500,,
2023-09-04,890.0,890.0,870.0,890.0,69000,,
2023-09-05,875.0,890.0,875.0,890.0,74500,,
2023-09-06,880.0,890.0,875.0,890.0,127800,,
2023-09-07,880.0,885.0,875.0,885.0,16000,,
2023-09-08,885.0,890.0,880.0,890.0,8800,,
2023-09-11,890.0,890.0,860.0,890.0,113200,,860.0
2023-09-12,890.0,890.0,875.0,885.0,60400,,
2023-09-13,880.0,890.0,870.0,890.0,47100,,870.0
2023-09-14,890.0,890.0,875.0,890.0,21400,,
2023-09-15,890.0,890.0,880.0,890.0,38700,,
2023-09-18,890.0,890.0,875.0,880.0,15300,,
2023-09-19,880.0,885.0,865.0,885.0,50900,,865.0
2023-09-20,870.0,890.0,870.0,890.0,7900,,
2023-09-21,880.0,890.0,880.0,890.0,21400,,
2023-09-22,890.0,890.0,880.0,890.0,12600,,
2023-09-25,880.0,890.0,875.0,890.0,22400,,
2023-09-26,890.0,890.0,875.0,890.0,22900,,
2023-09-27,875.0,890.0,875.0,890.0,16800,,
2023-09-29,885.0,890.0,880.0,890.0,23100,,
2023-10-02,880.0,890.0,880.0,890.0,4400,,
2023-10-03,885.0,885.0,885.0,885.0,2000,,
2023-10-04,880.0,880.0,875.0,875.0,4800,,
2023-10-05,875.0,885.0,860.0,885.0,29000,,860.0
2023-10-06,885.0,890.0,885.0,890.0,62500,,
2023-10-09,885.0,890.0,885.0,890.0,97600,,
2023-10-10,870.0,890.0,870.0,890.0,53800,,
2023-10-11,885.0,890.0,865.0,890.0,192600,,865.0
2023-10-12,870.0,890.0,870.0,885.0,87800,,
2023-10-13,885.0,885.0,870.0,885.0,250900,,
2023-10-16,885.0,890.0,865.0,890.0,436400,,865.0
2023-10-17,885.0,890.0,870.0,890.0,475700,,
2023-10-18,885.0,890.0,865.0,890.0,533700,,
2023-10-19,870.0,890.0,865.0,890.0,591000,,
2023-10-20,875.0,890.0,875.0,890.0,415500,,
2023-10-23,875.0,890.0,875.0,890.0,175500,,
2023-10-24,875.0,890.0,875.0,890.0,216800,,
2023-10-25,875.0,885.0,875.0,885.0,375100,,
2023-10-26,875.0,885.0,875.0,885.0,465800,,
2023-10-27,880.0,890.0,875.0,890.0,7100,,
2023-10-30,885.0,890.0,875.0,890.0,40400,,
2023-10-31,875.0,885.0,875.0,885.0,29800,,
2023-11-01,875.0,890.0,875.0,890.0,22500,,
2023-11-02,875.0,890.0,875.0,890.0,30600,,
2023-11-03,890.0,1050.0,870.0,920.0,447500,1050.0,870.0
2023-11-06,900.0,1000.0,880.0,940.0,38400,,
2023-11-07,940.0,970.0,855.0,875.0,221900,,855.0
2023-11-08,870.0,890.0,860.0,890.0,125200,,
2023-11-09,885.0,890.0,875.0,890.0,24600,,
2023-11-10,885.0,890.0,880.0,890.0,14100,,
2023-11-13,875.0,885.0,875.0,885.0,35800,,
2023-11-14,900.0,900.0,875.0,890.0,5300,900.0,
2023-11-15,880.0,885.0,875.0,885.0,125100,,
2023-11-16,875.0,885.0,875.0,875.0,21800,,
2023-11-17,875.0,875.0,875.0,875.0,9000,,
2023-11-20,875.0,890.0,865.0,890.0,102900,,865.0
2023-11-21,875.0,890.0,875.0,885.0,110500,,
2023-11-22,885.0,890.0,875.0,890.0,141700,,
2023-11-23,885.0,890.0,875.0,875.0,21500,,
2023-11-24,885.0,900.0,880.0,890.0,11500,,
2023-11-27,890.0,900.0,880.0,890.0,2700,,
2023-11-28,875.0,890.0,875.0,890.0,600,,
2023-11-29,875.0,875.0,875.0,875.0,92100,,
2023-11-30,885.0,895.0,875.0,895.0,89400,895.0,
2023-12-01,875.0,885.0,870.0,875.0,111600,,
2023-12-04,875.0,875.0,870.0,875.0,2000,,
2023-12-05,875.0,890.0,855.0,890.0,130800,,855.0
2023-12-06,875.0,890.0,875.0,885.0,200300,,
2023-12-07,880.0,890.0,875.0,875.0,143200,,
2023-12-08,875.0,875.0,875.0,875.0,54000,,
2023-12-11,880.0,880.0,875.0,880.0,2000,,
2023-12-12,880.0,880.0,875.0,875.0,1400,,
2023-12-13,870.0,875.0,870.0,875.0,800,,870.0
2023-12-14,875.0,875.0,875.0,875.0,200,,
2023-12-15,865.0,890.0,860.0,890.0,71500,,860.0
2023-12-18,890.0,890.0,875.0,875.0,3300,,
2023-12-19,890.0,890.0,890.0,890.0,31500,,
2023-12-20,890.0,890.0,755.0,890.0,20300,,755.0
2023-12-21,885.0,890.0,875.0,890.0,27500,,
2023-12-22,890.0,890.0,875.0,875.0,13300,,
