Tanggal,High,Low,Pivot_High,Pivot_Low,Type,Level,Current_Price,Selisih,Z_Score,Mean_Reference,Std_Reference
2020-01-13,1598.233642578125,1526.56396484375,,1526.56396484375,Support,1526.56396484375,2625.0,-1098.43603515625,-2.1205616606841797,2485.889102711397,452.39200333280075
2020-01-16,1519.39697265625,1454.894287109375,,1454.894287109375,Support,1454.894287109375,2625.0,-1170.105712890625,-2.278985499316118,2485.889102711397,452.39200333280075
2020-01-22,1469.2281494140625,1462.061279296875,,1462.061279296875,Support,1462.061279296875,2625.0,-1162.938720703125,-2.263143061486315,2485.889102711397,452.39200333280075
2020-01-24,1476.3951416015625,1433.393310546875,,1433.393310546875,Support,1433.393310546875,2625.0,-1191.606689453125,-2.3265128128055275,2485.889102711397,452.39200333280075
2020-02-14,1619.7344970703125,1462.061279296875,,1462.061279296875,Support,1462.061279296875,2625.0,-1162.938720703125,-2.263143061486315,2485.889102711397,452.39200333280075
2020-02-18,1634.0684814453125,1548.0648193359375,,1548.0648193359375,Support,1548.0648193359375,2625.0,-1076.9351806640625,-2.0730346170278167,2485.889102711397,452.39200333280075
2020-02-21,1548.0648193359375,1476.3951416015625,,1476.3951416015625,Support,1476.3951416015625,2625.0,-1148.6048583984375,-2.231458455659755,2485.889102711397,452.39200333280075
2020-03-13,1626.9014892578125,1519.39697265625,,1519.39697265625,Support,1519.39697265625,2625.0,-1105.60302734375,-2.1364040985139825,2485.889102711397,452.39200333280075
2020-03-17,1576.732666015625,1512.22998046875,,1512.22998046875,Support,1512.22998046875,2625.0,-1112.77001953125,-2.1522465363437857,2485.889102711397,452.39200333280075
2020-03-19,1576.732666015625,1526.56396484375,,1526.56396484375,Support,1526.56396484375,2625.0,-1098.43603515625,-2.1205616606841797,2485.889102711397,452.39200333280075
2020-03-24,1691.4041748046875,1519.39697265625,,1519.39697265625,Support,1519.39697265625,2625.0,-1105.60302734375,-2.1364040985139825,2485.889102711397,452.39200333280075
2020-03-27,1791.74169921875,1677.0701904296875,,1677.0701904296875,Support,1677.0701904296875,2625.0,-947.9298095703124,-1.787871815423546,2485.889102711397,452.39200333280075
2020-04-09,1849.077392578125,1720.072021484375,,1720.072021484375,Support,1720.072021484375,2625.0,-904.927978515625,-1.6928174582777735,2485.889102711397,452.39200333280075
2020-04-15,1849.077392578125,1734.406005859375,,1734.406005859375,Support,1734.406005859375,2625.0,-890.593994140625,-1.6611325826181673,2485.889102711397,452.39200333280075
2020-04-20,1755.9068603515625,1720.072021484375,,1720.072021484375,Support,1720.072021484375,2625.0,-904.927978515625,-1.6928174582777735,2485.889102711397,452.39200333280075
2020-04-29,1806.07568359375,1806.07568359375,,1806.07568359375,Support,1806.07568359375,2625.0,-818.92431640625,-1.5027087439862288,2485.889102711397,452.39200333280075
2020-05-08,1806.07568359375,1720.072021484375,,1720.072021484375,Support,1720.072021484375,2625.0,-904.927978515625,-1.6928174582777735,2485.889102711397,452.39200333280075
2020-06-15,1834.7435302734373,1748.7398681640625,,1748.7398681640625,Support,1748.7398681640625,2625.0,-876.2601318359375,-1.6294479767916075,2485.889102711397,452.39200333280075
2020-08-06,2064.08642578125,1949.4149169921875,,1949.4149169921875,Support,1949.4149169921875,2625.0,-675.5850830078125,-1.1858613365553985,2485.889102711397,452.39200333280075
2020-09-01,2064.08642578125,1970.9158935546875,,1970.9158935546875,Support,1970.9158935546875,2625.0,-654.0841064453125,-1.1383340230659889,2485.889102711397,452.39200333280075
2020-09-07,2042.5855712890625,1949.4149169921875,,1949.4149169921875,Support,1949.4149169921875,2625.0,-675.5850830078125,-1.1858613365553985,2485.889102711397,452.39200333280075
2020-09-10,2078.42041015625,1942.248046875,,1942.248046875,Support,1942.248046875,2625.0,-682.751953125,-1.201703504552155,2485.889102711397,452.39200333280075
2020-09-18,2092.75439453125,2006.750732421875,,2006.750732421875,Support,2006.750732421875,2625.0,-618.249267578125,-1.0591221037500196,2485.889102711397,452.39200333280075
2020-09-30,2092.75439453125,2006.750732421875,,2006.750732421875,Support,2006.750732421875,2625.0,-618.249267578125,-1.0591221037500196,2485.889102711397,452.39200333280075
2020-10-12,2056.91943359375,2049.75244140625,,2049.75244140625,Support,2049.75244140625,2625.0,-575.24755859375,-0.9640680164372938,2485.889102711397,452.39200333280075
2020-11-09,1992.416748046875,1992.416748046875,,1992.416748046875,Support,1992.416748046875,2625.0,-632.583251953125,-1.090806979409626,2485.889102711397,452.39200333280075
2020-11-12,2142.923095703125,2064.08642578125,2142.923095703125,2064.08642578125,Support,2064.08642578125,2625.0,-560.91357421875,-0.9323831407776875,2485.889102711397,452.39200333280075
2020-11-17,2049.75244140625,2042.5855712890625,,2042.5855712890625,Support,2042.5855712890625,2625.0,-582.4144287109375,-0.9799101844340504,2485.889102711397,452.39200333280075
2020-11-20,2064.08642578125,2006.750732421875,,2006.750732421875,Support,2006.750732421875,2625.0,-618.249267578125,-1.0591221037500196,2485.889102711397,452.39200333280075
2020-11-26,2056.91943359375,2021.0845947265625,,2021.0845947265625,Support,2021.0845947265625,2625.0,-603.9154052734375,-1.02743749792346,2485.889102711397,452.39200333280075
2020-12-08,2021.0845947265625,1978.0828857421875,,1978.0828857421875,Support,1978.0828857421875,2625.0,-646.9171142578125,-1.1224915852361856,2485.889102711397,452.39200333280075
2020-12-30,2064.08642578125,1999.583740234375,2064.08642578125,1999.583740234375,Support,1999.583740234375,2625.0,-625.416259765625,-1.0749645415798228,2485.889102711397,452.39200333280075
2021-01-13,4393.3505859375,3726.82275390625,4393.3505859375,,Resistance,4393.3505859375,2625.0,1768.3505859375,4.216390805261173,2485.889102711397,452.39200333280075
2021-01-21,3182.13330078125,2623.10986328125,3182.13330078125,,Resistance,3182.13330078125,2625.0,557.13330078125,1.5390285260141154,2485.889102711397,452.39200333280075
2021-01-27,2572.941162109375,2393.766845703125,,2393.766845703125,Support,2393.766845703125,2625.0,-231.233154296875,-0.20363369893720779,2485.889102711397,452.39200333280075
2021-02-03,2551.440185546875,2479.7705078125,,2479.7705078125,Support,2479.7705078125,2625.0,-145.2294921875,-0.013524984645662978,2485.889102711397,452.39200333280075
2021-02-09,2730.6142578125,2594.44189453125,2730.6142578125,,Resistance,2730.6142578125,2625.0,105.6142578125,0.5409581807330751,2485.889102711397,452.39200333280075
2021-02-10,2651.77783203125,2501.271484375,,2501.271484375,Support,2501.271484375,2625.0,-123.728515625,0.0340023288437465,2485.889102711397,452.39200333280075
2021-02-19,3726.82275390625,3167.79931640625,3726.82275390625,,Resistance,3726.82275390625,2625.0,1101.82275390625,2.7430494837504105,2485.889102711397,452.39200333280075
2021-02-24,3296.8046875,3038.7939453125,3296.8046875,,Resistance,3296.8046875,2625.0,671.8046875,1.7925064519587797,2485.889102711397,452.39200333280075
2021-03-08,2967.124267578125,2866.78662109375,2967.124267578125,,Resistance,2967.124267578125,2625.0,342.124267578125,1.0637570101183,2485.889102711397,452.39200333280075
2021-03-22,2709.113525390625,2580.108154296875,,2580.108154296875,Support,2580.108154296875,2625.0,-44.891845703125,0.20826860530548813,2485.889102711397,452.39200333280075
2021-03-23,2723.447509765625,2666.111572265625,2723.447509765625,,Resistance,2723.447509765625,2625.0,98.447509765625,0.525116282569365,2485.889102711397,452.39200333280075
2021-03-25,2637.44384765625,2580.108154296875,,2580.108154296875,Support,2580.108154296875,2625.0,-44.891845703125,0.20826860530548813,2485.889102711397,452.39200333280075
2021-03-29,2666.111572265625,2608.77587890625,2666.111572265625,,Resistance,2666.111572265625,2625.0,41.111572265625,0.3983767799309398,2485.889102711397,452.39200333280075
2021-04-01,2723.447509765625,2508.4384765625,2723.447509765625,2508.4384765625,Resistance,2723.447509765625,2625.0,98.447509765625,0.525116282569365,2485.889102711397,452.39200333280075
2021-04-01,2723.447509765625,2508.4384765625,2723.447509765625,2508.4384765625,Support,2508.4384765625,2625.0,-116.5615234375,0.049844766673549666,2485.889102711397,452.39200333280075
2021-04-07,2608.77587890625,2479.7705078125,,2479.7705078125,Support,2479.7705078125,2625.0,-145.2294921875,-0.013524984645662978,2485.889102711397,452.39200333280075
2021-04-13,2572.941162109375,2494.1044921875,2572.941162109375,2494.1044921875,Support,2494.1044921875,2625.0,-130.8955078125,0.018159891013943344,2485.889102711397,452.39200333280075
2021-05-04,2436.768798828125,2279.095458984375,,2279.095458984375,Support,2279.095458984375,2625.0,-345.904541015625,-0.45711162488187207,2485.889102711397,452.39200333280075
2021-05-06,2422.434814453125,2307.763427734375,,2307.763427734375,Support,2307.763427734375,2625.0,-317.236572265625,-0.39374187356265944,2485.889102711397,452.39200333280075
2021-05-19,2343.59814453125,2286.262451171875,,2286.262451171875,Support,2286.262451171875,2625.0,-338.737548828125,-0.4412691870520689,2485.889102711397,452.39200333280075
2021-06-08,2393.766845703125,2264.761474609375,,2264.761474609375,Support,2264.761474609375,2625.0,-360.238525390625,-0.4887965005414784,2485.889102711397,452.39200333280075
2021-06-11,2393.766845703125,2365.09912109375,,2365.09912109375,Support,2365.09912109375,2625.0,-259.90087890625,-0.26700291059032727,2485.889102711397,452.39200333280075
2021-06-18,2322.09716796875,2171.591064453125,,2171.591064453125,Support,2171.591064453125,2625.0,-453.408935546875,-0.6947471129967332,2485.889102711397,452.39200333280075
2021-07-01,2293.429443359375,2236.09375,,2236.09375,Support,2236.09375,2625.0,-388.90625,-0.5521657121945979,2485.889102711397,452.39200333280075
2021-07-06,2279.095458984375,2221.759765625,,2221.759765625,Support,2221.759765625,2625.0,-403.240234375,-0.5838505878542043,2485.889102711397,452.39200333280075
2021-07-09,2293.429443359375,2221.759765625,,2221.759765625,Support,2221.759765625,2625.0,-403.240234375,-0.5838505878542043,2485.889102711397,452.39200333280075
2021-07-14,2286.262451171875,2171.591064453125,2286.262451171875,2171.591064453125,Support,2171.591064453125,2625.0,-453.408935546875,-0.6947471129967332,2485.889102711397,452.39200333280075
2021-07-22,2286.262451171875,2214.5927734375,,2214.5927734375,Support,2214.5927734375,2625.0,-410.4072265625,-0.5996930256840074,2485.889102711397,452.39200333280075
2021-07-28,2271.928466796875,2193.091796875,2271.928466796875,2193.091796875,Support,2193.091796875,2625.0,-431.908203125,-0.6472203391734169,2485.889102711397,452.39200333280075
2021-08-18,2243.260498046875,2207.42578125,,2207.42578125,Support,2207.42578125,2625.0,-417.57421875,-0.6155354635138106,2485.889102711397,452.39200333280075
2021-08-23,2236.09375,2092.75439453125,,2092.75439453125,Support,2092.75439453125,2625.0,-532.24560546875,-0.8690133894584748,2485.889102711397,452.39200333280075
2021-09-02,2264.761474609375,2193.091796875,,2193.091796875,Support,2193.091796875,2625.0,-431.908203125,-0.6472203391734169,2485.889102711397,452.39200333280075
2021-09-13,2228.9267578125,2092.75439453125,,2092.75439453125,Support,2092.75439453125,2625.0,-532.24560546875,-0.8690133894584748,2485.889102711397,452.39200333280075
2021-09-21,2293.429443359375,2121.422119140625,2293.429443359375,2121.422119140625,Support,2121.422119140625,2625.0,-503.577880859375,-0.8056441778053554,2485.889102711397,452.39200333280075
2021-09-24,2271.928466796875,2214.5927734375,,2214.5927734375,Support,2214.5927734375,2625.0,-410.4072265625,-0.5996930256840074,2485.889102711397,452.39200333280075
2021-09-30,2293.429443359375,2236.09375,,2236.09375,Support,2236.09375,2625.0,-388.90625,-0.5521657121945979,2485.889102711397,452.39200333280075
2021-10-07,2551.440185546875,2379.432861328125,,2379.432861328125,Support,2379.432861328125,2625.0,-245.567138671875,-0.2353185745968141,2485.889102711397,452.39200333280075
2021-10-12,2522.772216796875,2408.100830078125,,2408.100830078125,Support,2408.100830078125,2625.0,-216.899169921875,-0.17194882327760144,2485.889102711397,452.39200333280075
2021-10-14,2522.772216796875,2379.432861328125,,2379.432861328125,Support,2379.432861328125,2625.0,-245.567138671875,-0.2353185745968141,2485.889102711397,452.39200333280075
2021-10-21,2465.4365234375,2379.432861328125,,2379.432861328125,Support,2379.432861328125,2625.0,-245.567138671875,-0.2353185745968141,2485.889102711397,452.39200333280075
2021-10-25,2400.933837890625,2350.76513671875,,2350.76513671875,Support,2350.76513671875,2625.0,-274.23486328125,-0.2986877862499336,2485.889102711397,452.39200333280075
2021-11-01,2479.7705078125,2322.09716796875,,2322.09716796875,Support,2322.09716796875,2625.0,-302.90283203125,-0.36205753756914627,2485.889102711397,452.39200333280075
2021-11-04,2372.26611328125,2293.429443359375,,2293.429443359375,Support,2293.429443359375,2625.0,-331.570556640625,-0.42542674922226575,2485.889102711397,452.39200333280075
2021-11-16,2422.434814453125,2372.26611328125,,2372.26611328125,Support,2372.26611328125,2625.0,-252.73388671875,-0.2511604727605241,2485.889102711397,452.39200333280075
2021-11-23,2494.1044921875,2386.599853515625,2494.1044921875,2386.599853515625,Support,2386.599853515625,2625.0,-238.400146484375,-0.21947613676701094,2485.889102711397,452.39200333280075
2021-12-08,2436.768798828125,2372.26611328125,,2372.26611328125,Support,2372.26611328125,2625.0,-252.73388671875,-0.2511604727605241,2485.889102711397,452.39200333280075
2021-12-14,2436.768798828125,2408.100830078125,,2408.100830078125,Support,2408.100830078125,2625.0,-216.899169921875,-0.17194882327760144,2485.889102711397,452.39200333280075
2021-12-17,2429.601806640625,2408.100830078125,,2408.100830078125,Support,2408.100830078125,2625.0,-216.899169921875,-0.17194882327760144,2485.889102711397,452.39200333280075
2021-12-23,2451.1025390625,2422.434814453125,,2422.434814453125,Support,2422.434814453125,2625.0,-202.565185546875,-0.14026394761799513,2485.889102711397,452.39200333280075
2021-12-29,2443.935791015625,2415.267822265625,,2415.267822265625,Support,2415.267822265625,2625.0,-209.732177734375,-0.15610638544779828,2485.889102711397,452.39200333280075
2022-01-04,2443.935791015625,2386.599853515625,,2386.599853515625,Support,2386.599853515625,2625.0,-238.400146484375,-0.21947613676701094,2485.889102711397,452.39200333280075
2022-01-12,2916.95556640625,2651.77783203125,2916.95556640625,,Resistance,2916.95556640625,2625.0,291.95556640625,0.952860484975771,2485.889102711397,452.39200333280075
2022-01-21,2938.456298828125,2809.450927734375,2938.456298828125,,Resistance,2938.456298828125,2625.0,313.456298828125,1.0003872587990874,2485.889102711397,452.39200333280075
2022-01-27,2838.118896484375,2759.2822265625,2838.118896484375,,Resistance,2838.118896484375,2625.0,213.118896484375,0.7785942085140294,2485.889102711397,452.39200333280075
2022-01-31,2859.619873046875,2709.113525390625,2859.619873046875,2709.113525390625,Resistance,2859.619873046875,2625.0,234.619873046875,0.8261215220034389,2485.889102711397,452.39200333280075
2022-02-08,2802.283935546875,2701.946533203125,2802.283935546875,2701.946533203125,Resistance,2802.283935546875,2625.0,177.283935546875,0.6993820193650137,2485.889102711397,452.39200333280075
2022-02-10,2845.285888671875,2744.9482421875,2845.285888671875,,Resistance,2845.285888671875,2625.0,220.285888671875,0.7944366463438326,2485.889102711397,452.39200333280075
2022-02-21,2766.44921875,2730.6142578125,2766.44921875,,Resistance,2766.44921875,2625.0,141.44921875,0.620170369882091,2485.889102711397,452.39200333280075
2022-03-01,3196.46728515625,2916.95556640625,3196.46728515625,,Resistance,3196.46728515625,2625.0,571.46728515625,1.5707134016737219,2485.889102711397,452.39200333280075
2022-03-08,3289.6376953125,3153.46533203125,3289.6376953125,,Resistance,3289.6376953125,2625.0,664.6376953125,1.7766640141289767,2485.889102711397,452.39200333280075
2022-03-10,3850.0,3012.5,3850.0,3012.5,Resistance,3850.0,2625.0,1225.0,3.0153293763795803,2485.889102711397,452.39200333280075
2022-03-22,3437.5,3337.5,3437.5,,Resistance,3437.5,2625.0,812.5,2.1035095454341035,2485.889102711397,452.39200333280075
2022-03-28,3337.5,3062.5,3337.5,,Resistance,3337.5,2625.0,712.5,1.8824623136897454,2485.889102711397,452.39200333280075
2022-04-05,3250.0,3175.0,3250.0,,Resistance,3250.0,2625.0,625.0,1.6890459859134321,2485.889102711397,452.39200333280075
2022-04-14,3125.0,3075.0,3125.0,,Resistance,3125.0,2625.0,500.0,1.4127369462329846,2485.889102711397,452.39200333280075
2022-04-22,3150.0,3075.0,3150.0,,Resistance,3150.0,2625.0,525.0,1.4679987541690742,2485.889102711397,452.39200333280075
2022-05-18,3000.0,2875.0,3000.0,,Resistance,3000.0,2625.0,375.0,1.1364279065525371,2485.889102711397,452.39200333280075
2022-06-02,3000.0,2950.0,3000.0,,Resistance,3000.0,2625.0,375.0,1.1364279065525371,2485.889102711397,452.39200333280075
2022-06-09,2950.0,2887.5,2950.0,,Resistance,2950.0,2625.0,325.0,1.0259042906803582,2485.889102711397,452.39200333280075
2022-06-17,2737.5,2600.0,,2600.0,Support,2600.0,2625.0,-25.0,0.252238979575105,2485.889102711397,452.39200333280075
2022-06-20,2800.0,2712.5,2800.0,,Resistance,2800.0,2625.0,175.0,0.694333443063821,2485.889102711397,452.39200333280075
2022-06-24,2725.0,2687.5,2725.0,,Resistance,2725.0,2625.0,100.0,0.5285480192555525,2485.889102711397,452.39200333280075
2022-06-29,2675.0,2612.5,2675.0,,Resistance,2675.0,2625.0,50.0,0.4180244033833735,2485.889102711397,452.39200333280075
2022-07-11,2425.0,2360.0,,2360.0,Support,2360.0,2625.0,-265.0,-0.2782743766113543,2485.889102711397,452.39200333280075
2022-07-15,2435.0,2395.0,,2395.0,Support,2395.0,2625.0,-230.0,-0.200907845500829,2485.889102711397,452.39200333280075
2022-07-19,2662.5,2400.0,2662.5,2400.0,Resistance,2662.5,2625.0,37.5,0.39039349941532875,2485.889102711397,452.39200333280075
2022-07-19,2662.5,2400.0,2662.5,2400.0,Support,2400.0,2625.0,-225.0,-0.1898554839136111,2485.889102711397,452.39200333280075
2022-07-27,2700.0,2550.0,,2550.0,Support,2550.0,2625.0,-75.0,0.14171536370292598,2485.889102711397,452.39200333280075
2022-07-29,2700.0,2587.5,2700.0,,Resistance,2700.0,2625.0,75.0,0.473286211319463,2485.889102711397,452.39200333280075
2022-08-11,2575.0,2525.0,2575.0,2525.0,Support,2525.0,2625.0,-100.0,0.08645355576683646,2485.889102711397,452.39200333280075
2022-08-15,2550.0,2500.0,,2500.0,Support,2500.0,2625.0,-125.0,0.03119174783074695,2485.889102711397,452.39200333280075
2022-08-18,2550.0,2512.5,,2512.5,Support,2512.5,2625.0,-112.5,0.0588226517987917,2485.889102711397,452.39200333280075
2022-08-24,2675.0,2512.5,2675.0,2512.5,Resistance,2675.0,2625.0,50.0,0.4180244033833735,2485.889102711397,452.39200333280075
2022-08-24,2675.0,2512.5,2675.0,2512.5,Support,2512.5,2625.0,-112.5,0.0588226517987917,2485.889102711397,452.39200333280075
2022-08-26,2637.5,2612.5,2637.5,,Resistance,2637.5,2625.0,12.5,0.33513169147923927,2485.889102711397,452.39200333280075
2022-09-01,2900.0,2675.0,2900.0,,Resistance,2900.0,2625.0,275.0,0.9153806748081791,2485.889102711397,452.39200333280075
2022-09-08,2762.5,2650.0,2762.5,2650.0,Resistance,2762.5,2625.0,137.5,0.6114407311596868,2485.889102711397,452.39200333280075
2022-09-12,2700.0,2600.0,,2600.0,Support,2600.0,2625.0,-25.0,0.252238979575105,2485.889102711397,452.39200333280075
2022-09-22,2737.5,2687.5,2737.5,,Resistance,2737.5,2625.0,112.5,0.5561789232235973,2485.889102711397,452.39200333280075
2022-10-05,2825.0,2800.0,2825.0,,Resistance,2825.0,2625.0,200.0,0.7495952509999105,2485.889102711397,452.39200333280075
2022-10-14,2950.0,2662.5,2950.0,,Resistance,2950.0,2625.0,325.0,1.0259042906803582,2485.889102711397,452.39200333280075
2022-10-21,2787.5,2725.0,2787.5,,Resistance,2787.5,2625.0,162.5,0.6667025390957763,2485.889102711397,452.39200333280075
2022-10-28,2837.5,2712.5,2837.5,,Resistance,2837.5,2625.0,212.5,0.7772261549679553,2485.889102711397,452.39200333280075
2022-11-04,2712.5,2650.0,2712.5,,Resistance,2712.5,2625.0,87.5,0.5009171152875078,2485.889102711397,452.39200333280075
2022-11-14,2750.0,2662.5,2750.0,,Resistance,2750.0,2625.0,125.0,0.583809827191642,2485.889102711397,452.39200333280075
2022-11-17,2775.0,2662.5,2775.0,,Resistance,2775.0,2625.0,150.0,0.6390716351277316,2485.889102711397,452.39200333280075
2022-11-24,2712.5,2687.5,2712.5,,Resistance,2712.5,2625.0,87.5,0.5009171152875078,2485.889102711397,452.39200333280075
2022-11-30,2850.0,2662.5,2850.0,,Resistance,2850.0,2625.0,225.0,0.804857058936,2485.889102711397,452.39200333280075
2022-12-02,2875.0,2687.5,2875.0,2687.5,Resistance,2875.0,2625.0,250.0,0.8601188668720896,2485.889102711397,452.39200333280075
2022-12-12,2750.0,2712.5,2750.0,,Resistance,2750.0,2625.0,125.0,0.583809827191642,2485.889102711397,452.39200333280075
2022-12-20,2800.0,2737.5,2800.0,,Resistance,2800.0,2625.0,175.0,0.694333443063821,2485.889102711397,452.39200333280075
2022-12-22,2775.0,2737.5,2775.0,,Resistance,2775.0,2625.0,150.0,0.6390716351277316,2485.889102711397,452.39200333280075
2022-12-26,2775.0,2737.5,2775.0,,Resistance,2775.0,2625.0,150.0,0.6390716351277316,2485.889102711397,452.39200333280075
2023-01-06,2775.0,2700.0,2775.0,,Resistance,2775.0,2625.0,150.0,0.6390716351277316,2485.889102711397,452.39200333280075
2023-01-17,2725.0,2675.0,2725.0,,Resistance,2725.0,2625.0,100.0,0.5285480192555525,2485.889102711397,452.39200333280075
2023-02-13,3250.0,2875.0,3250.0,,Resistance,3250.0,2625.0,625.0,1.6890459859134321,2485.889102711397,452.39200333280075
2023-03-06,2987.5,2912.5,2987.5,,Resistance,2987.5,2625.0,362.5,1.1087970025844924,2485.889102711397,452.39200333280075
2023-03-08,2775.0,2562.5,,2562.5,Support,2562.5,2625.0,-62.5,0.16934626767097072,2485.889102711397,452.39200333280075
2023-03-16,2650.0,2512.5,2650.0,2512.5,Resistance,2650.0,2625.0,25.0,0.362762595447284,2485.889102711397,452.39200333280075
2023-03-16,2650.0,2512.5,2650.0,2512.5,Support,2512.5,2625.0,-112.5,0.0588226517987917,2485.889102711397,452.39200333280075
2023-03-28,2575.0,2537.5,,2537.5,Support,2537.5,2625.0,-87.5,0.11408445973488121,2485.889102711397,452.39200333280075
2023-03-30,2650.0,2550.0,2650.0,,Resistance,2650.0,2625.0,25.0,0.362762595447284,2485.889102711397,452.39200333280075
2023-04-10,2525.0,2485.0,,2485.0,Support,2485.0,2625.0,-140.0,-0.0019653369309067543,2485.889102711397,452.39200333280075
2023-05-05,2495.0,2450.0,2495.0,2450.0,Support,2450.0,2625.0,-175.0,-0.07933186804143207,2485.889102711397,452.39200333280075
2023-05-11,2485.0,2450.0,,2450.0,Support,2450.0,2625.0,-175.0,-0.07933186804143207,2485.889102711397,452.39200333280075
2023-05-19,2460.0,2450.0,,2450.0,Support,2450.0,2625.0,-175.0,-0.07933186804143207,2485.889102711397,452.39200333280075
2023-06-12,2450.0,2425.0,,2425.0,Support,2425.0,2625.0,-200.0,-0.1345936759775216,2485.889102711397,452.39200333280075
2023-06-16,2465.0,2420.0,2465.0,2420.0,Support,2420.0,2625.0,-205.0,-0.14564603756473948,2485.889102711397,452.39200333280075
2023-06-22,2455.0,2425.0,,2425.0,Support,2425.0,2625.0,-200.0,-0.1345936759775216,2485.889102711397,452.39200333280075
2023-06-26,2455.0,2425.0,,2425.0,Support,2425.0,2625.0,-200.0,-0.1345936759775216,2485.889102711397,452.39200333280075
2023-07-03,2750.0,2455.0,2750.0,,Resistance,2750.0,2625.0,125.0,0.583809827191642,2485.889102711397,452.39200333280075
2023-07-05,2550.0,2480.0,,2480.0,Support,2480.0,2625.0,-145.0,-0.013017698518124655,2485.889102711397,452.39200333280075
2023-07-11,2525.0,2480.0,,2480.0,Support,2480.0,2625.0,-145.0,-0.013017698518124655,2485.889102711397,452.39200333280075
2023-07-13,2525.0,2475.0,,2475.0,Support,2475.0,2625.0,-150.0,-0.02407006010534256,2485.889102711397,452.39200333280075
2023-07-21,2525.0,2475.0,,2475.0,Support,2475.0,2625.0,-150.0,-0.02407006010534256,2485.889102711397,452.39200333280075
2023-08-01,2687.5,2525.0,2687.5,,Resistance,2687.5,2625.0,62.5,0.4456553073514183,2485.889102711397,452.39200333280075
2023-08-07,2637.5,2500.0,,2500.0,Support,2500.0,2625.0,-125.0,0.03119174783074695,2485.889102711397,452.39200333280075
2023-08-09,2650.0,2562.5,2650.0,,Resistance,2650.0,2625.0,25.0,0.362762595447284,2485.889102711397,452.39200333280075
2023-08-11,2550.0,2525.0,,2525.0,Support,2525.0,2625.0,-100.0,0.08645355576683646,2485.889102711397,452.39200333280075
2023-08-16,2587.5,2525.0,,2525.0,Support,2525.0,2625.0,-100.0,0.08645355576683646,2485.889102711397,452.39200333280075
2023-08-21,2587.5,2537.5,,2537.5,Support,2537.5,2625.0,-87.5,0.11408445973488121,2485.889102711397,452.39200333280075
2023-08-28,2587.5,2500.0,2587.5,2500.0,Support,2500.0,2625.0,-125.0,0.03119174783074695,2485.889102711397,452.39200333280075
2023-09-04,2625.0,2550.0,,2550.0,Support,2550.0,2625.0,-75.0,0.14171536370292598,2485.889102711397,452.39200333280075
2023-09-07,2637.5,2575.0,2637.5,,Resistance,2637.5,2625.0,12.5,0.33513169147923927,2485.889102711397,452.39200333280075
2023-09-27,2637.5,2550.0,,2550.0,Support,2550.0,2625.0,-75.0,0.14171536370292598,2485.889102711397,452.39200333280075
2023-10-04,2700.0,2550.0,2700.0,2550.0,Resistance,2700.0,2625.0,75.0,0.473286211319463,2485.889102711397,452.39200333280075
2023-10-04,2700.0,2550.0,2700.0,2550.0,Support,2550.0,2625.0,-75.0,0.14171536370292598,2485.889102711397,452.39200333280075
2023-10-09,2637.5,2500.0,,2500.0,Support,2500.0,2625.0,-125.0,0.03119174783074695,2485.889102711397,452.39200333280075
2023-10-16,2587.5,2575.0,,2575.0,Support,2575.0,2625.0,-50.0,0.19697717163901549,2485.889102711397,452.39200333280075
2023-10-19,2600.0,2525.0,,2525.0,Support,2525.0,2625.0,-100.0,0.08645355576683646,2485.889102711397,452.39200333280075
2023-10-20,2700.0,2587.5,2700.0,,Resistance,2700.0,2625.0,75.0,0.473286211319463,2485.889102711397,452.39200333280075
2023-10-25,2700.0,2600.0,,2600.0,Support,2600.0,2625.0,-25.0,0.252238979575105,2485.889102711397,452.39200333280075
2023-10-27,2750.0,2612.5,2750.0,2612.5,Resistance,2750.0,2625.0,125.0,0.583809827191642,2485.889102711397,452.39200333280075
2023-10-27,2750.0,2612.5,2750.0,2612.5,Support,2612.5,2625.0,-12.5,0.27986988354314973,2485.889102711397,452.39200333280075
2023-10-31,2750.0,2550.0,2750.0,,Resistance,2750.0,2625.0,125.0,0.583809827191642,2485.889102711397,452.39200333280075
2023-11-14,2675.0,2600.0,2675.0,2600.0,Resistance,2675.0,2625.0,50.0,0.4180244033833735,2485.889102711397,452.39200333280075
2023-11-14,2675.0,2600.0,2675.0,2600.0,Support,2600.0,2625.0,-25.0,0.252238979575105,2485.889102711397,452.39200333280075
2023-11-28,2662.5,2600.0,2662.5,,Resistance,2662.5,2625.0,37.5,0.39039349941532875,2485.889102711397,452.39200333280075
2023-11-30,2737.5,2650.0,2737.5,,Resistance,2737.5,2625.0,112.5,0.5561789232235973,2485.889102711397,452.39200333280075
2023-12-05,2662.5,2612.5,2662.5,,Resistance,2662.5,2625.0,37.5,0.39039349941532875,2485.889102711397,452.39200333280075
2023-12-06,2650.0,2600.0,,2600.0,Support,2600.0,2625.0,-25.0,0.252238979575105,2485.889102711397,452.39200333280075
2023-12-08,2650.0,2612.5,2650.0,,Resistance,2650.0,2625.0,25.0,0.362762595447284,2485.889102711397,452.39200333280075
2023-12-12,2625.0,2575.0,,2575.0,Support,2575.0,2625.0,-50.0,0.19697717163901549,2485.889102711397,452.39200333280075
2023-12-14,2637.5,2587.5,2637.5,2587.5,Resistance,2637.5,2625.0,12.5,0.33513169147923927,2485.889102711397,452.39200333280075
2023-12-14,2637.5,2587.5,2637.5,2587.5,Support,2587.5,2625.0,-37.5,0.22460807560706023,2485.889102711397,452.39200333280075
