Tanggal,High,Low,Pivot_High,Pivot_Low,Type,Level,Current_Price,Selisih
2019-12-27,139.0,129.0,139.0,,Resistance,139.0,78.0,61.0
2020-01-17,141.0,130.0,141.0,,Resistance,141.0,78.0,63.0
2020-02-04,126.0,113.0,126.0,,Resistance,126.0,78.0,48.0
2020-02-07,127.0,115.0,127.0,,Resistance,127.0,78.0,49.0
2020-02-12,127.0,110.0,127.0,110.0,Resistance,127.0,78.0,49.0
2020-02-14,123.0,103.0,123.0,,Resistance,123.0,78.0,45.0
2020-02-19,108.0,94.0,108.0,94.0,Resistance,108.0,78.0,30.0
2020-02-27,102.0,94.0,102.0,,Resistance,102.0,78.0,24.0
2020-03-02,91.0,75.0,91.0,75.0,Resistance,91.0,78.0,13.0
2020-03-02,91.0,75.0,91.0,75.0,Support,75.0,78.0,-3.0
2020-03-05,100.0,88.0,100.0,,Resistance,100.0,78.0,22.0
2020-03-20,72.0,58.0,72.0,58.0,Support,58.0,78.0,-20.0
2020-03-24,73.0,65.0,,65.0,Support,65.0,78.0,-13.0
2020-03-27,83.0,75.0,83.0,,Resistance,83.0,78.0,5.0
2020-03-30,74.0,72.0,,72.0,Support,72.0,78.0,-6.0
2020-03-31,79.0,73.0,79.0,,Resistance,79.0,78.0,1.0
2020-04-02,78.0,72.0,,72.0,Support,72.0,78.0,-6.0
2020-04-07,93.0,86.0,93.0,,Resistance,93.0,78.0,15.0
2020-04-17,140.0,116.0,140.0,,Resistance,140.0,78.0,62.0
2020-04-23,108.0,100.0,108.0,,Resistance,108.0,78.0,30.0
2020-04-27,115.0,96.0,115.0,,Resistance,115.0,78.0,37.0
2020-04-30,112.0,105.0,112.0,,Resistance,112.0,78.0,34.0
2020-05-05,112.0,100.0,112.0,100.0,Resistance,112.0,78.0,34.0
2020-05-08,119.0,105.0,119.0,,Resistance,119.0,78.0,41.0
2020-05-12,123.0,114.0,123.0,,Resistance,123.0,78.0,45.0
2020-05-14,121.0,112.0,121.0,,Resistance,121.0,78.0,43.0
2020-05-26,122.0,114.0,122.0,,Resistance,122.0,78.0,44.0
2020-06-03,125.0,118.0,125.0,,Resistance,125.0,78.0,47.0
2020-06-18,142.0,130.0,142.0,,Resistance,142.0,78.0,64.0
2020-06-24,139.0,133.0,139.0,,Resistance,139.0,78.0,61.0
2020-06-30,141.0,136.0,141.0,,Resistance,141.0,78.0,63.0
2020-07-07,152.0,142.0,152.0,,Resistance,152.0,78.0,74.0
2020-07-13,157.0,149.0,157.0,,Resistance,157.0,78.0,79.0
2020-07-17,149.0,140.0,149.0,,Resistance,149.0,78.0,71.0
2020-07-22,150.0,138.0,150.0,,Resistance,150.0,78.0,72.0
2020-07-27,142.0,135.0,142.0,,Resistance,142.0,78.0,64.0
2020-08-07,132.0,125.0,132.0,125.0,Resistance,132.0,78.0,54.0
2020-08-12,136.0,125.0,136.0,,Resistance,136.0,78.0,58.0
2020-08-25,152.0,137.0,152.0,,Resistance,152.0,78.0,74.0
2020-08-27,153.0,140.0,153.0,,Resistance,153.0,78.0,75.0
2020-08-31,145.0,134.0,145.0,,Resistance,145.0,78.0,67.0
2020-09-02,140.0,134.0,140.0,,Resistance,140.0,78.0,62.0
2020-09-14,128.0,121.0,128.0,,Resistance,128.0,78.0,50.0
2020-09-28,114.0,107.0,114.0,,Resistance,114.0,78.0,36.0
2020-10-07,121.0,109.0,121.0,,Resistance,121.0,78.0,43.0
2020-10-12,128.0,113.0,128.0,,Resistance,128.0,78.0,50.0
2020-10-14,129.0,121.0,129.0,,Resistance,129.0,78.0,51.0
2020-10-26,119.0,116.0,119.0,,Resistance,119.0,78.0,41.0
2020-11-03,122.0,118.0,122.0,,Resistance,122.0,78.0,44.0
2020-11-05,121.0,115.0,121.0,115.0,Resistance,121.0,78.0,43.0
2020-11-10,127.0,117.0,127.0,,Resistance,127.0,78.0,49.0
2020-11-13,124.0,117.0,124.0,117.0,Resistance,124.0,78.0,46.0
2020-11-24,136.0,122.0,136.0,,Resistance,136.0,78.0,58.0
2020-12-02,128.0,123.0,128.0,,Resistance,128.0,78.0,50.0
2020-12-10,143.0,133.0,143.0,,Resistance,143.0,78.0,65.0
2020-12-14,139.0,129.0,139.0,129.0,Resistance,139.0,78.0,61.0
2020-12-16,135.0,131.0,135.0,,Resistance,135.0,78.0,57.0
2020-12-21,163.0,135.0,163.0,,Resistance,163.0,78.0,85.0
2020-12-28,148.0,136.0,148.0,,Resistance,148.0,78.0,70.0
2021-01-05,180.0,165.0,180.0,,Resistance,180.0,78.0,102.0
2021-01-07,228.0,180.0,228.0,,Resistance,228.0,78.0,150.0
2021-01-26,147.0,130.0,147.0,,Resistance,147.0,78.0,69.0
2021-02-03,136.0,124.0,136.0,,Resistance,136.0,78.0,58.0
2021-02-15,159.0,141.0,159.0,,Resistance,159.0,78.0,81.0
2021-02-17,158.0,145.0,158.0,145.0,Resistance,158.0,78.0,80.0
2021-02-22,150.0,144.0,150.0,,Resistance,150.0,78.0,72.0
2021-02-25,167.0,148.0,167.0,,Resistance,167.0,78.0,89.0
2021-03-04,222.0,183.0,222.0,,Resistance,222.0,78.0,144.0
2021-03-08,187.0,165.0,187.0,,Resistance,187.0,78.0,109.0
2021-03-16,175.0,165.0,175.0,,Resistance,175.0,78.0,97.0
2021-03-24,164.0,145.0,164.0,145.0,Resistance,164.0,78.0,86.0
2021-04-09,160.0,151.0,160.0,,Resistance,160.0,78.0,82.0
2021-04-16,149.0,144.0,149.0,,Resistance,149.0,78.0,71.0
2021-04-29,148.0,141.0,148.0,,Resistance,148.0,78.0,70.0
2021-05-04,144.0,140.0,144.0,,Resistance,144.0,78.0,66.0
2021-05-06,143.0,140.0,143.0,,Resistance,143.0,78.0,65.0
2021-05-24,143.0,128.0,143.0,,Resistance,143.0,78.0,65.0
2021-05-28,141.0,133.0,141.0,,Resistance,141.0,78.0,63.0
2021-06-04,148.0,139.0,148.0,,Resistance,148.0,78.0,70.0
2021-06-08,148.0,140.0,148.0,,Resistance,148.0,78.0,70.0
2021-07-05,135.0,129.0,135.0,,Resistance,135.0,78.0,57.0
2021-07-08,144.0,135.0,144.0,,Resistance,144.0,78.0,66.0
2021-07-13,146.0,132.0,146.0,,Resistance,146.0,78.0,68.0
2021-07-16,136.0,130.0,136.0,,Resistance,136.0,78.0,58.0
2021-07-22,136.0,132.0,136.0,,Resistance,136.0,78.0,58.0
2021-07-26,138.0,132.0,138.0,,Resistance,138.0,78.0,60.0
2021-08-05,158.0,150.0,158.0,,Resistance,158.0,78.0,80.0
2021-08-12,148.0,142.0,148.0,,Resistance,148.0,78.0,70.0
2021-08-24,144.0,136.0,144.0,,Resistance,144.0,78.0,66.0
2021-08-30,136.0,131.0,136.0,131.0,Resistance,136.0,78.0,58.0
2021-09-01,140.0,133.0,140.0,,Resistance,140.0,78.0,62.0
2021-09-10,136.0,133.0,136.0,,Resistance,136.0,78.0,58.0
2021-09-22,133.0,130.0,133.0,,Resistance,133.0,78.0,55.0
2021-10-04,131.0,127.0,131.0,,Resistance,131.0,78.0,53.0
2021-10-07,135.0,129.0,135.0,,Resistance,135.0,78.0,57.0
2021-10-27,135.0,129.0,135.0,,Resistance,135.0,78.0,57.0
2021-11-09,135.0,130.0,135.0,,Resistance,135.0,78.0,57.0
2021-11-17,134.0,128.0,134.0,,Resistance,134.0,78.0,56.0
2021-12-07,130.0,122.0,130.0,,Resistance,130.0,78.0,52.0
2021-12-13,130.0,124.0,130.0,,Resistance,130.0,78.0,52.0
2021-12-28,123.0,115.0,123.0,115.0,Resistance,123.0,78.0,45.0
2022-01-17,108.0,104.0,108.0,,Resistance,108.0,78.0,30.0
2022-01-20,105.0,100.0,105.0,,Resistance,105.0,78.0,27.0
2022-01-24,104.0,100.0,104.0,,Resistance,104.0,78.0,26.0
2022-02-03,108.0,105.0,108.0,,Resistance,108.0,78.0,30.0
2022-02-09,113.0,107.0,113.0,,Resistance,113.0,78.0,35.0
2022-03-04,101.0,97.0,101.0,,Resistance,101.0,78.0,23.0
2022-03-15,99.0,96.0,99.0,,Resistance,99.0,78.0,21.0
2022-03-17,102.0,97.0,102.0,,Resistance,102.0,78.0,24.0
2022-03-23,100.0,98.0,100.0,,Resistance,100.0,78.0,22.0
2022-03-31,105.0,100.0,105.0,,Resistance,105.0,78.0,27.0
2022-04-21,98.0,96.0,98.0,,Resistance,98.0,78.0,20.0
2022-05-11,96.0,91.0,96.0,,Resistance,96.0,78.0,18.0
2022-05-18,93.0,90.0,93.0,,Resistance,93.0,78.0,15.0
2022-06-02,96.0,92.0,96.0,,Resistance,96.0,78.0,18.0
2022-06-10,98.0,92.0,98.0,,Resistance,98.0,78.0,20.0
2022-06-16,93.0,91.0,93.0,,Resistance,93.0,78.0,15.0
2022-06-29,93.0,90.0,93.0,,Resistance,93.0,78.0,15.0
2022-07-12,93.0,89.0,93.0,,Resistance,93.0,78.0,15.0
2022-07-22,95.0,89.0,95.0,,Resistance,95.0,78.0,17.0
2022-08-02,95.0,90.0,95.0,,Resistance,95.0,78.0,17.0
2022-08-30,96.0,93.0,96.0,,Resistance,96.0,78.0,18.0
2022-09-21,89.0,87.0,89.0,,Resistance,89.0,78.0,11.0
2022-09-23,89.0,86.0,89.0,,Resistance,89.0,78.0,11.0
2022-09-29,88.0,85.0,88.0,,Resistance,88.0,78.0,10.0
2022-10-05,89.0,86.0,89.0,,Resistance,89.0,78.0,11.0
2022-10-12,94.0,88.0,94.0,,Resistance,94.0,78.0,16.0
2022-10-18,88.0,86.0,88.0,,Resistance,88.0,78.0,10.0
2022-10-26,94.0,89.0,94.0,,Resistance,94.0,78.0,16.0
2023-01-02,89.0,80.0,89.0,,Resistance,89.0,78.0,11.0
2023-01-16,81.0,79.0,81.0,,Resistance,81.0,78.0,3.0
2023-01-20,79.0,77.0,,77.0,Support,77.0,78.0,-1.0
2023-01-25,82.0,78.0,82.0,,Resistance,82.0,78.0,4.0
2023-01-30,81.0,79.0,81.0,,Resistance,81.0,78.0,3.0
2023-02-06,84.0,79.0,84.0,,Resistance,84.0,78.0,6.0
2023-02-13,82.0,79.0,82.0,,Resistance,82.0,78.0,4.0
2023-02-16,82.0,80.0,82.0,,Resistance,82.0,78.0,4.0
2023-02-21,82.0,79.0,82.0,,Resistance,82.0,78.0,4.0
2023-03-16,73.0,70.0,,70.0,Support,70.0,78.0,-8.0
2023-04-26,69.0,67.0,,67.0,Support,67.0,78.0,-11.0
2023-05-05,79.0,70.0,79.0,,Resistance,79.0,78.0,1.0
2023-06-06,72.0,70.0,,70.0,Support,70.0,78.0,-8.0
2023-06-08,72.0,68.0,,68.0,Support,68.0,78.0,-10.0
2023-06-27,74.0,72.0,,72.0,Support,72.0,78.0,-6.0
2023-07-07,76.0,74.0,,74.0,Support,74.0,78.0,-4.0
2023-07-10,83.0,76.0,83.0,,Resistance,83.0,78.0,5.0
2023-07-13,87.0,82.0,87.0,,Resistance,87.0,78.0,9.0
2023-07-20,84.0,80.0,84.0,,Resistance,84.0,78.0,6.0
2023-07-27,89.0,85.0,89.0,,Resistance,89.0,78.0,11.0
2023-08-21,84.0,81.0,84.0,,Resistance,84.0,78.0,6.0
2023-09-06,81.0,79.0,81.0,,Resistance,81.0,78.0,3.0
2023-10-17,84.0,81.0,84.0,,Resistance,84.0,78.0,6.0
2023-10-27,80.0,77.0,,77.0,Support,77.0,78.0,-1.0
2023-11-16,81.0,78.0,81.0,,Resistance,81.0,78.0,3.0
2023-11-30,81.0,79.0,81.0,,Resistance,81.0,78.0,3.0
2023-12-11,78.0,74.0,,74.0,Support,74.0,78.0,-4.0
2023-12-12,87.0,75.0,87.0,,Resistance,87.0,78.0,9.0
2023-12-19,80.0,77.0,80.0,,Resistance,80.0,78.0,2.0
